DROP DATABASE IF EXISTS HawkeyeWithData;
CREATE DATABASE HawkeyeWithData;

USE HawkeyeWithData;

DROP TABLE IF EXISTS PatientDetails; 
CREATE TABLE PatientDetails (
    patientID CHAR(12) ,
    patientName VARCHAR(20),
    email VARCHAR(100) UNIQUE NOT NULL,
    dob DATE,
    address VARCHAR(100),
    sex CHAR(1),
    phoneNO VARCHAR(10),
    PRIMARY KEY (patientID)
);

DROP TABLE IF EXISTS DoctorDetails; 
CREATE TABLE DoctorDetails (
    doctorID CHAR(12),
    doctorName VARCHAR(20),
    email VARCHAR(100) UNIQUE NOT NULL,
    dob DATE,
    address VARCHAR(100),
    sex CHAR(1),
    phoneNO VARCHAR(10),
    designation VARCHAR(100),
    PRIMARY KEY(doctorID)
);

DROP TABLE IF EXISTS LabDetails; 
CREATE TABLE LabDetails (
    labID CHAR(12),
    labName VARCHAR(20),
    address VARCHAR(100),
    email VARCHAR(100) UNIQUE NOT NULL,
    phoneNO VARCHAR(10),
    PRIMARY KEY(labID)    
);

DROP TABLE IF EXISTS PharmacyDetails; 
CREATE TABLE PharmacyDetails (
    pharmacyID CHAR(12),
    pharmacyName VARCHAR(20),
    address VARCHAR(100),
    email VARCHAR(100) UNIQUE NOT NULL,
    phoneNO VARCHAR(10),
    PRIMARY KEY(pharmacyID)    
);

-- What's these tables for?

DROP TABLE IF EXISTS Consultation; 
-- CREATE TABLE Consultation (
--     patientID CHAR(12),
--     doctorID CHAR(12),
--     FOREIGN KEY (patientID) REFERENCES  PatientDetails (patientID),
--     FOREIGN KEY (doctorID) REFERENCES  DoctorDetails (doctorID),
--     PRIMARY KEY (patientID ,doctorID)
-- );

DROP TABLE IF EXISTS PatientLab; 
-- CREATE TABLE PatientLab (
--     patientID CHAR(12),
--     labID CHAR(12),
--     accessRight TINYINT,
--     FOREIGN KEY (patientID) REFERENCES  PatientDetails (patientID) ,
--     FOREIGN KEY (labID) REFERENCES  LabDetails (labID),
--     PRIMARY KEY (patientID ,labID )
-- );

DROP TABLE IF EXISTS PatientPharmacy; 
-- CREATE TABLE PatientPharmacy (
--     patientID CHAR(12) ,
--     pharmacyID CHAR(12) ,
--     FOREIGN KEY (patientID) REFERENCES  PatientDetails (patientID) ,
--     FOREIGN KEY (pharmacyID) REFERENCES  PharmacyDetails (pharmacyID),
--     PRIMARY KEY( patientID,pharmacyID )
-- );

-- End of question area.

DROP TABLE IF EXISTS PatientLogin; 
CREATE TABLE PatientLogin (
    email VARCHAR(100),
    password VARCHAR(100),
    FOREIGN KEY (email) REFERENCES  PatientDetails (email),
    PRIMARY KEY (email)
);


DROP TABLE IF EXISTS GenPatientHistory; -- Should be split for "Analysis"
CREATE TABLE GenPatientHistory (
    patientID CHAR(12) ,
    bloodGroup CHAR(2),
    allergies VARCHAR(100),
    hereditaryProblems VARCHAR(100),
    dietAdvice VARCHAR(100),
    injectionHistory VARCHAR(100) ,
    FOREIGN KEY (patientID) REFERENCES  PatientDetails (patientID),
    PRIMARY KEY( patientID)
);

DROP TABLE IF EXISTS DoctorLogin; 
CREATE TABLE DoctorLogin (
    email VARCHAR(100),
    password VARCHAR(100),
    FOREIGN KEY (email) REFERENCES  DoctorDetails (email),
    PRIMARY KEY(email)
);


DROP TABLE IF EXISTS EPrescription; -- no AUTO_INCREMENT in ePrescriptionID so have to manually enter random number - time is a number, best.
CREATE TABLE EPrescription (
    ePrescriptionID INTEGER, 
    patientID CHAR(12) ,
    doctorID CHAR(12) ,
    -- slNo INTEGER AUTO_INCREMENT,
    FOREIGN KEY (patientID) REFERENCES  PatientDetails (patientID) ,
    FOREIGN KEY (doctorID) REFERENCES  DoctorDetails (doctorID) ,
    -- PRIMARY KEY(ePrescriptionID ,patientID ,slNo)
    PRIMARY KEY(ePrescriptionID ,patientID)
);

DROP TABLE IF EXISTS MedicineDetails; 
CREATE TABLE MedicineDetails(
    ePrescriptionID INTEGER,
    symptoms VARCHAR(100),
    medicineSuggestion VARCHAR(100),    
    timeToTake TIME,
    startDate DATE,
    endDate DATE,
    FOREIGN KEY (ePrescriptionID) REFERENCES  EPrescription (ePrescriptionID)     
);


DROP TABLE IF EXISTS Prescription;  -- No entres requried
CREATE TABLE Prescription (
    patientID CHAR(12) NOT NULL ,
    prescriptionID INTEGER PRIMARY KEY AUTO_INCREMENT,
    dateTimeStamp DATETIME,
    fileLocation VARCHAR(100) ,
    FOREIGN KEY (patientID) REFERENCES  PatientDetails (patientID),
    UNIQUE (patientID, prescriptionID)
);
 -- No entres requried


DROP TABLE IF EXISTS LabRequestDocument;  -- No entres requried
CREATE TABLE LabRequestDocument(
    labRequestDocumentID INTEGER PRIMARY KEY AUTO_INCREMENT,

    patientID CHAR(12),
    doctorID CHAR(12),
    testType VARCHAR(100),
    description VARCHAR(100),
    fileLocation VARCHAR(100) ,

    FOREIGN KEY (patientID) REFERENCES  PatientDetails (patientID) ,
    FOREIGN KEY (doctorID) REFERENCES  DoctorDetails (doctorID)
); 
 -- No entres requried

DROP TABLE IF EXISTS ELabRequestDocument; 
CREATE TABLE ELabRequestDocument(
    labRequestDocumentID INTEGER PRIMARY KEY AUTO_INCREMENT,

    doctorID CHAR(12),
    ePrescriptionID INTEGER ,
    patientID CHAR(12),

    testType VARCHAR(100),
    description VARCHAR(100),

    FOREIGN KEY (ePrescriptionID) REFERENCES  EPrescription (ePrescriptionID) ,
    FOREIGN KEY (patientID) REFERENCES  PatientDetails (patientID) ,
    FOREIGN KEY (doctorID) REFERENCES  DoctorDetails (doctorID)
); 

DROP TABLE IF EXISTS LabRequest; 
CREATE TABLE LabRequest (
    labRequestDocumentID INTEGER,
    labID CHAR(12),
    dateTimeStamp DATETIME,
    isPending TINYINT,
    FOREIGN KEY (labID) REFERENCES  LabDetails (labID) ,
    FOREIGN KEY (labRequestDocumentID) REFERENCES ELabRequestDocument (labRequestDocumentID) ,
    PRIMARY KEY (labRequestDocumentID)
);

DROP TABLE IF EXISTS LabResponse; 
CREATE TABLE LabResponse (
    reportID INTEGER PRIMARY KEY AUTO_INCREMENT,
    labRequestID INTEGER NOT NULL,
    resultLink VARCHAR(100),
    description VARCHAR(100),
    dateTimeStamp DATETIME,
    FOREIGN KEY (labRequestID) REFERENCES LabRequest(labRequestDocumentID),
    UNIQUE(labRequestID,reportID)
);

DROP TABLE IF EXISTS DoctorFeedback; 
CREATE TABLE DoctorFeedback (
    reportID INTEGER ,
    prescriptionID INTEGER,
    patientID CHAR(12),
    doctorID CHAR(12),
    suggestions VARCHAR(100),
    FOREIGN KEY (doctorID) REFERENCES  DoctorDetails (doctorID) ,
    FOREIGN KEY (patientID) REFERENCES  PatientDetails (patientID),
    FOREIGN KEY (reportID) REFERENCES LabResponse(reportID),
    PRIMARY KEY(reportID,prescriptionID)
);


DROP TABLE IF EXISTS LabLogin; 
CREATE TABLE LabLogin (
    email VARCHAR(100),
    password VARCHAR(100),
    FOREIGN KEY (email) REFERENCES  LabDetails (email),
    PRIMARY KEY( email)
);


DROP TABLE IF EXISTS PharmacyLogin; 
CREATE TABLE PharmacyLogin (
    email VARCHAR(100) ,
    password VARCHAR(100),
    FOREIGN KEY (email) REFERENCES  PharmacyDetails (email) ,
    PRIMARY KEY(email)
);

DROP TABLE IF EXISTS MedicineRequest; 
CREATE TABLE MedicineRequest (
    -- medicineReqID INTEGER PRIMARY KEY AUTO_INCREMENT,
    ePrescriptionID INTEGER,
    patientID CHAR(12),
    pharmacyID CHAR(12),
    pickupTime DATETIME ,
    isPending TINYINT,
    FOREIGN KEY (patientID) REFERENCES  PatientDetails (patientID)  ,
    FOREIGN KEY (pharmacyID) REFERENCES  PharmacyDetails (pharmacyID)  ,
    FOREIGN KEY (ePrescriptionID) REFERENCES  EPrescription (ePrescriptionID),
    PRIMARY KEY (ePrescriptionID,patientID)
);

DROP TABLE IF EXISTS MedicineResponse; 
CREATE TABLE MedicineResponse (
    medicineResponseID INTEGER PRIMARY KEY AUTO_INCREMENT,
    ePrescriptionID INTEGER NOT NULL,
    patientID CHAR(12),
    remarks VARCHAR(100) ,
    FOREIGN KEY (ePrescriptionID,patientID) REFERENCES  MedicineRequest (ePrescriptionID,patientID) 
);


DROP TABLE IF EXISTS DoctorAppointments;  -- No entres requried
CREATE TABLE DoctorAppointments (
    patientID CHAR(12),
    doctorID CHAR(12),
    dateStamp DATE,
    pickATime TIME,
    addedToDoctorCalendar TINYINT,
    FOREIGN KEY (patientID) REFERENCES PatientDetails (patientID)  ,
    FOREIGN KEY (doctorID) REFERENCES DoctorDetails (doctorID) ,
    PRIMARY KEY (doctorID,patientID)
);
 -- No entres requried

-- reminderDate and reminderTime for order medicines only

DROP TABLE IF EXISTS MedicineReminder; -- for take medicines time and dates in MedicineDetails tables.
CREATE TABLE MedicineReminder (
    ePrescriptionID INTEGER NOT NULL,
    patientID CHAR(12) NOT NULL,
    reminderDate DATE, 
    reminderTime TIME,
    FOREIGN KEY (patientID) REFERENCES  PatientDetails (patientID),
    FOREIGN KEY (ePrescriptionID) REFERENCES  EPrescription (ePrescriptionID)
);

DROP TABLE IF EXISTS LabVisitReminder; 
CREATE TABLE LabVisitReminder (
    patientID CHAR(12) NOT NULL,
    labID CHAR(12) NOT NULL,
    labRequestDocumentID INTEGER,

    reminderDate DATE,
    reminderTime TIME,
    FOREIGN KEY (patientID) REFERENCES  PatientDetails (patientID),
    FOREIGN KEY (labID) REFERENCES  LabDetails (labID),
    FOREIGN KEY (labRequestDocumentID) REFERENCES  ELabRequestDocument (labRequestDocumentID)
);


DROP TABLE IF EXISTS DoctorVisitReminder; 
CREATE TABLE DoctorVisitReminder (
    patientID CHAR(12) NOT NULL,
    doctorID CHAR(12) NOT NULL,

    reminderDate DATE,
    reminderTime TIME,
    message VARCHAR(100),
    FOREIGN KEY (patientID) REFERENCES  PatientDetails (patientID),
    FOREIGN KEY (doctorID) REFERENCES  DoctorDetails (doctorID)
);


INSERT INTO PatientDetails VALUES ('001831940407','Dana Murazik','julio01@example.org','1981-10-27','042 Taryn Expressway\nNorth Tommie, ID 94910-0161','M','3273850208'),
('024495747369','Verna Moore','cormier.kenna@example.org','1991-03-08','37334 Jacobs Views Apt. 086\nTyrellhaven, OH 31755','M','8338241806'),
('035401802401','Cleta Schiller','reuben17@example.net','1989-09-28','1035 Barton Grove Suite 471\nHagenesshire, VA 89398-9610','F','0707405451'),
('040625987046','Claudie Lehner','bednar.blair@example.org','1993-04-21','716 Genevieve Crossroad Apt. 612\nPricestad, CT 20443-6571','M','7707431784'),
('047698736375','Mrs. Carrie Schmeler','ashleigh.bogisich@example.org','2011-10-13','966 Jakubowski Square Suite 559\nNorth Casper, ME 61629','M','1449824071'),
('064619065237','Brooke Beer','dina.gleichner@example.com','2012-11-03','54902 Aron Rapids Suite 180\nAnaisville, IL 94349-2397','F','2486107887'),
('070449022298','Tianna Spinka','jcarter@example.net','1995-03-14','67213 Herzog Ports\nThielchester, IN 23166','M','6292078235'),
('078562564725','Mrs. Lera Herman Jr.','cruz.wyman@example.com','1993-03-26','7579 Moore Lake Apt. 424\nGunnerfurt, SD 85495','M','7461022667'),
('086066682872','Prof. Noel Daniel','leone18@example.org','2001-10-13','36319 Heather Common\nElishaport, HI 26419-1146','F','2374757487'),
('095231180131','Mr. Sebastian Schult','alden06@example.net','2001-10-19','08037 Lauretta Prairie Suite 179\nKatrineberg, WA 61822-1810','M','8613048115'),
('101106120026','Isabel Herman','lucile.prohaska@example.org','2018-06-12','3285 Nya Pass\nDewittfurt, AZ 65572','M','8872790082'),
('106405308058','Esteban Jones','langosh.fredy@example.net','1990-11-07','36021 Dexter Fork\nEast Morganfurt, MN 80898-2138','M','1053512399'),
('112592304075','Prof. Margret Cartwr','karen.mcglynn@example.org','2017-02-23','868 O\'Reilly Drives\nDanielafort, AR 09753','F','1277206600'),
('113194825953','Rocky Fisher','jonatan.rippin@example.org','1974-05-25','16028 Zulauf Viaduct\nPort Brandy, NC 16361','M','2326575082'),
('126505741189','Miss Rhoda Mueller P','hkreiger@example.net','2013-06-18','39968 Tobin Loaf Suite 101\nNew Dillanport, SD 03336-5639','M','7975990059'),
('128470619118','Mrs. Pauline Zemlak ','wgutkowski@example.com','2000-10-02','3999 Guy Coves Apt. 588\nHodkiewiczborough, NJ 66021','M','1065362806'),
('155362132722','Edgar Funk','feeney.kaylah@example.net','2013-08-23','3095 Dudley Summit Apt. 824\nCassinside, RI 00773','F','1474806467'),
('155615106751','Brian Mertz','adalberto85@example.org','2003-01-18','84518 Henriette Crossing Suite 281\nLake Ernestina, SD 40127-0708','F','5777424336'),
('163817056900','Miss Cordia Padberg ','zoie86@example.org','1993-10-07','8243 Frami Street Suite 249\nMillerburgh, NY 13041-8443','M','7612479909'),
('174561839813','Robert Lakin','kaltenwerth@example.net','1974-01-05','3043 Brekke Bypass\nLake Torrance, SD 06143-4809','M','4259269541'),
('182170887578','Janiya Hoppe','kyra24@example.org','2007-07-27','6947 Tierra Lodge\nEast Demarco, RI 27735','M','8330527274'),
('182695511649','Miss Nettie Lebsack','howard.jacobs@example.org','1972-12-21','0401 Bernie Canyon\nDickinsonport, MT 67240-9926','M','7322525047'),
('192864798254','Eden Bechtelar MD','lakin.chelsea@example.net','2003-01-04','8512 Kaylin Ridges\nBernadineview, MO 64402-2093','F','6776089322'),
('197831865479','Dr. Jamil Koepp','born@example.net','1999-07-04','4080 Rey Knolls Suite 778\nLake Kieramouth, VT 34028-6102','M','3240855487'),
('214462377286','Flavio Bosco PhD','rreilly@example.net','2000-12-15','832 Jennyfer Port\nLake Guadalupeside, WI 11176','M','8585124402'),
('243416026582','Ally Raynor DVM','bergstrom.amalia@example.net','2006-06-28','16196 Jast Islands Suite 110\nBahringertown, GA 73264-3706','M','7093916272'),
('259657274861','Tianna Morissette','delta.koch@example.com','1987-11-27','9377 Sim Port Suite 712\nEichmannfurt, PA 65908-6968','M','2442545403'),
('269527525204','Mrs. Lenora Balistre','bskiles@example.com','1988-12-07','1298 Dicki Village\nEast Adrianatown, CT 51172-6712','M','4772738968'),
('269881907899','Dr. Cielo Romaguera ','wuckert.abbigail@example.com','2014-01-01','3933 Quitzon Roads\nNew Hesterfurt, KS 42666','M','6935297775'),
('282555462207','Bret Rempel','heathcote.benjamin@example.org','1992-12-17','5010 Garrett Crest\nWest Tristian, WI 06856','M','7017963032'),
('282909545453','Stanton Sipes','thea45@example.com','1995-01-02','0422 Nellie Freeway\nNew Ramonview, CO 14417','M','5166583257'),
('291811727253','Rafael Dicki','kertzmann.derick@example.com','2012-01-13','90214 Britney Passage Suite 878\nWest Meghanfort, CO 74822','F','9164261564'),
('300294172089','Laisha Hermiston','haag.isidro@example.com','1975-08-13','75799 Fadel Pines\nChristiansenville, OR 77213','F','5537323190'),
('300657907839','Samanta Weber Sr.','rebecca.morar@example.net','1995-07-22','7578 Cassandra Unions Apt. 230\nConroystad, UT 30837-6862','M','1170613822'),
('300762076343','Dawson Champlin','leonie.effertz@example.com','1993-07-15','5617 Hazel Roads\nEast Tavaresville, KS 99926-9038','F','8713466778'),
('318711786889','Mathias Prohaska','oberbrunner.leonardo@example.com','2001-04-03','71600 Sanford Islands Apt. 001\nNew Jacquesview, TN 20764','F','4542020882'),
('328665060619','Prof. Triston Stehr','murray46@example.com','2007-11-15','861 Walker Spur\nMattieshire, MN 18946-7019','F','4716273957'),
('386831276723','Crystel Kautzer DVM','wlynch@example.net','1988-01-09','9716 Myrtie Pike\nEast Rossie, NV 73498','F','6650017436'),
('390716936353','Elta O\'Keefe','mjast@example.org','2001-07-11','9449 Rahul Ville Apt. 533\nVerdiefurt, AR 67142','M','9566804869'),
('401413383222','Hailie Kemmer','nmayert@example.net','2007-12-01','847 Terry Underpass Apt. 196\nEberthaven, NE 02994','M','2861666353'),
('409263381101','Francesco Runte Sr.','kuphal.donny@example.com','1983-07-01','82296 Terrill Ford\nSamaraburgh, ME 99986','M','2089670397'),
('412962612033','Cheyanne Larkin','stehr.chanel@example.org','1996-09-08','856 Barrows Knoll\nNorth Chyna, DC 14604-7593','F','3545353001'),
('422152525378','Gertrude Jenkins','harvey.william@example.net','1984-08-06','036 Kyla Haven\nBlandashire, SC 43169-0567','F','6507491193'),
('424018420554','Ericka Kassulke','harrison37@example.com','1989-11-24','7384 Bailey Keys Apt. 322\nBriellehaven, SD 52406','M','3165697652'),
('440970885719','Jolie Daugherty','loy39@example.net','1989-07-22','7272 Deanna Plains\nLilianamouth, NV 56096-7578','M','3887506689'),
('441464648348','Mr. Savion Jakubowsk','warren23@example.com','2006-08-19','9521 Maida Lock Suite 177\nNew Velvaville, KY 00748-8750','M','6155799053'),
('450279965897','Damion Auer','cpredovic@example.net','1988-06-26','70769 Spencer Glen\nNew Gabriellefurt, VT 58688-3469','M','8799751974'),
('454323483605','Flavio Powlowski DDS','wiza.vickie@example.org','2018-04-15','05177 Rodrick Valley Suite 830\nYundtborough, CO 88228','M','5858875489'),
('484508957726','Mr. Lisandro Swaniaw','francisco45@example.org','2003-09-10','49511 Predovic Courts Apt. 089\nLake Winston, SC 45096-0112','M','8953665581'),
('486902475164','Dr. Alfonso Larkin V','eeichmann@example.net','2007-07-17','6364 Harber Cove\nMelisashire, IN 90511-7952','F','0442530521'),
('501121745560','Dr. Katelin Langosh ','zfarrell@example.org','2011-05-23','021 Stroman Park Suite 318\nLake Paigeview, AR 70628-2412','M','4842308048'),
('508845290707','Yasmine Rempel','camille89@example.org','1999-06-23','0958 Brekke Harbors Apt. 888\nPort Norene, CO 85916','M','8731035137'),
('527144899184','Sabrina Walsh','mayert.roberta@example.net','1975-12-25','2332 Duncan Dam\nTalonberg, WV 39560-2926','F','5264298924'),
('551520065345','Jadon Baumbach','candido58@example.com','2005-01-15','25528 Meaghan Hollow Suite 026\nPort Erickborough, RI 56458','F','2875979046'),
('552934373282','Elroy Marks IV','elissa.harris@example.net','1975-06-04','485 O\'Hara Mews\nSchummberg, HI 94158','M','9589685742'),
('567478570625','Soledad Funk','quigley.sheridan@example.org','1995-09-23','9118 Hilbert Landing Suite 773\nSouth Simeon, WA 27810','M','5696820803'),
('572655903607','Eileen Hoppe','stefanie.conroy@example.com','2015-01-26','59391 Griffin Corners\nLake Abnerborough, SD 76164-4626','M','2977395924'),
('580172685767','Ola Little III','hbednar@example.net','1993-09-03','7222 Torey Place Suite 425\nWadefurt, SC 20693','M','9319716220'),
('590647087424','Effie Johnston III','graham.samanta@example.com','1999-03-30','3982 Raynor Highway\nAgustinaville, PA 23978','F','6071205928'),
('598273915195','Adell Heidenreich','denis.schowalter@example.org','1987-05-11','6987 Schinner Mountain Apt. 065\nCydneyfurt, IL 31246-4848','F','3121694595'),
('620775782061','Bailey Upton','bert.jacobson@example.com','2003-04-19','19405 Spencer Creek Apt. 337\nMargeville, ND 99538','F','5073953418'),
('631675391082','Kaycee Dickinson','rosenbaum.lavinia@example.com','1994-03-31','94065 Rosenbaum Squares\nJanafort, GA 99981','F','6852633704'),
('632771640992','Miss Alyson Gutmann ','npollich@example.com','1999-11-23','34601 Yvette Turnpike Suite 424\nNew Cobyshire, DE 14687','M','5434192509'),
('640270909649','Nikolas Grant','rfranecki@example.org','1976-07-29','607 Russel Circles\nNorth Rosalind, MI 53536','F','0395144456'),
('648153520071','Laury Gleichner','carey20@example.com','1975-11-02','639 Adams Roads Suite 324\nBarneyfurt, TN 60990','M','2411622225'),
('652214057957','Brenda Waelchi','considine.kendrick@example.org','1980-01-07','74442 Kunze Mills\nO\'Keefetown, MA 00348-0918','F','7685439508'),
('654035166109','Bobby Bednar','dan33@example.net','1987-02-25','29651 Balistreri Prairie\nWest Hal, DC 76702','M','4227832568'),
('662094550134','Enrico Altenwerth','connelly.fermin@example.net','1998-09-05','3762 Lowe Crescent\nNorth Keyshawn, VT 52644','M','7259957158'),
('677246759140','Mrs. Aurore Klocko','beahan.vena@example.org','1975-07-28','5189 Dejah Walks Suite 033\nLake Maureen, MS 08628','M','8619421159'),
('684627557193','Mr. Edwardo Anderson','graham.clementina@example.org','2014-07-12','5632 Olson Extensions\nHerzogmouth, NM 13817-3395','F','6386664941'),
('694470379212','Laury Ebert','zbeier@example.org','1990-06-20','5373 Mikel Points\nZboncaktown, NJ 77278','F','7170729942'),
('695693358869','Miss Sadie Cassin Jr','kerluke.antoinette@example.org','1985-06-21','839 Issac Terrace Apt. 641\nStreichville, WY 89937','M','2350036995'),
('705449630282','Junior Daugherty','salvatore.turner@example.com','1974-01-11','47179 Stracke Expressway\nLenoreberg, IN 73181','M','2566940280'),
('715908628829','June Streich','thompson.earnest@example.com','2017-03-02','646 Maybell Neck\nEast Dejah, MA 07930','F','3895863807'),
('724071063769','Julio Upton','dconn@example.org','1974-08-04','264 Torrey Hills\nSouth Lailaport, MT 49294-7521','M','0147579127'),
('731474567021','Deonte Lemke I','zzboncak@example.com','1997-05-13','45540 Winona Gardens\nLake Melissa, TN 59181','M','6688378395'),
('743314275946','Georgianna Harber','evan.stark@example.com','2012-06-19','01999 Dennis Vista\nCandidoport, OR 29492','F','6021347507'),
('772368129264','Mr. Albert Gusikowsk','cmccullough@example.com','2002-03-02','05763 Melisa Trail Apt. 439\nLake Ebba, CO 23543-9805','M','1609387261'),
('774096358432','Cecelia Dooley','rex.welch@example.net','2017-12-26','64816 Miller Trafficway\nSouth Fionaland, RI 94016','M','4253509864'),
('778903320598','Zachary Davis','alene.connelly@example.net','2009-07-29','45994 Kris Rapid Suite 945\nTiannaside, KS 05176','F','3382930156'),
('782670915755','Grace Streich','turner.rose@example.net','1975-11-01','26188 Telly Oval\nSouth Andreane, MO 79461-7382','F','3510977863'),
('783279055170','Godfrey Johnston DVM','morissette.annamarie@example.org','1997-04-14','87094 Wilkinson Drive\nBreitenbergfort, HI 86789','M','1375896363'),
('789768598325','Sydney Cummings','mdibbert@example.org','2011-04-16','499 Shad Lights\nO\'Connellchester, NH 49735-4831','F','0875412540'),
('792927555792','Miss Charlotte Kessl','arely56@example.org','2015-02-22','9692 McClure Junction Suite 667\nNorth Oliver, NY 92066-3103','F','1900120813'),
('807811914863','Dr. Lewis Mohr','sschimmel@example.net','2011-10-17','05195 Haag Green Suite 212\nKrisfort, MO 40236-0185','F','2058800253'),
('850824573204','Laisha Barrows','adonis.pfeffer@example.net','1981-05-14','874 Ruthe Hill Apt. 308\nNorth Leslie, SC 90937-0040','F','3963724046'),
('859231326124','Mrs. Shanie Johnston','zaria51@example.org','1998-09-24','8218 Kyla Circles Apt. 639\nAshtynburgh, KS 64184','M','2195096262'),
('888560794185','Oliver Hayes II','christop64@example.net','2018-10-06','458 Heidenreich Loop\nWest Marvinville, ND 90454','M','4577740112'),
('898472998653','Schuyler Padberg','vallie83@example.org','1985-10-01','93611 Hettinger Extension\nJeanieberg, IA 61023','F','4040047249'),
('903968564588','Agnes Wisoky Sr.','dooley.leopold@example.org','1974-02-01','122 Estell Loop Apt. 994\nNorth Leslytown, CT 58912-6892','F','7026817120'),
('906597745725','Prof. Michel Roob','alena.hettinger@example.org','1995-12-05','51580 Manuela Knoll\nWardland, RI 86255','M','5870793888'),
('915669250967','Royce Hartmann','forest.schinner@example.com','2009-02-14','07144 Howe Street Apt. 507\nMartinhaven, MS 84980-1888','M','2014753786'),
('945290552811','May Hodkiewicz','abshire.ashton@example.com','1983-10-31','33408 Mayer Throughway Suite 467\nHammesport, MI 11227','F','3383173862'),
('960130995721','Simone Harvey MD','mohammed.stoltenberg@example.org','1988-08-27','7995 Rau Village Suite 493\nIleneshire, NY 40802','F','2347177803'),
('962435019401','Miss Lydia Haag','ndoyle@example.org','1988-01-23','64058 Missouri Village\nFadelborough, MS 57339-5638','M','6600552936'),
('964823529401','Lacey Botsford','lupe47@example.net','1997-06-19','85785 Rutherford Stravenue\nLilianefurt, KS 25802-3278','M','6755977225'),
('975779212544','Rico Carter I','piper.west@example.org','2003-12-13','0975 Eliza Roads\nAshlynnville, PA 15316','F','1694309266'),
('979818221180','Ludwig Sipes','kayla66@example.org','1973-03-21','7445 Sawayn Lights\nEast Gwenberg, OR 86984-7733','F','0861126781'),
('989408105618','Johann Gottlieb','xrunolfsdottir@example.com','2009-06-15','004 Kuhlman Drives\nEast Wilhelmine, ID 19396-6540','M','0246717664'),
('994151279616','America Smith','nyost@example.com','1989-02-12','051 Pamela Inlet\nLefflermouth, AK 65042','M','7373445221'); 






INSERT INTO DoctorDetails VALUES ('000970023012','Terence Langworth','bauch.eldred@example.com','1998-06-05','26367 Pfannerstill Valley Suite 138\nEast Neal, AR 72428','F','2015179154','nnts'),
('012666212046','Elena Hoeger','yasmeen01@example.net','1988-04-07','61287 Cristina Falls Apt. 055\nPort Arnaldo, AL 61699-5674','M','1617542141','lous'),
('019545989819','Ottis Ruecker III','burnice.bergnaum@example.org','2008-05-01','173 Beaulah Plain Suite 626\nWest Laruebury, MO 12315-2972','M','4660004994','frgy'),
('063034763503','Jeffrey Emard','kiel81@example.org','2018-10-16','1959 Turner Run Suite 010\nWest Corbinhaven, PA 25277-0489','M','6209540556','mept'),
('065531852208','Maximus Gerlach','dagmar.ratke@example.org','2015-07-05','5426 Batz Court Apt. 890\nPort Isidroville, UT 05904-1643','M','6603763778','znrk'),
('091211760530','Jacquelyn Mante Sr.','dkris@example.org','1994-05-14','76019 Onie Way\nAlenatown, DE 45186-4527','F','6703908741','mnkp'),
('129856840045','Benton Hodkiewicz MD','wintheiser.dana@example.com','2016-05-27','451 Garrett Drive\nWest Jacey, VT 35317-6671','M','3927382319','mdfs'),
('139024238170','Briana Schuster','nernser@example.net','1970-06-18','8280 Bergstrom Isle Suite 908\nNew Melanyfort, IA 74286','M','2805890371','smls'),
('142317848239','Leonardo Zieme','winnifred84@example.net','1996-12-21','487 Mante Summit\nLeannonside, ID 51052-3031','M','3194327381','hdac'),
('163392269679','Vita Kerluke Jr.','xcrona@example.net','2002-11-01','704 Brody Squares\nKeelingfort, NH 76916-9806','M','0579940975','rzsi'),
('177000602056','Roderick Dietrich','dorn@example.net','1973-04-07','811 Columbus Spring Suite 207\nKertzmannmouth, MI 63089','F','6202751416','bsdd'),
('180703833087','Mr. Lamont Lang III','braden85@example.net','1984-03-11','72589 Antonetta Turnpike\nSouth Danyka, AZ 30541','F','3773331514','pyzt'),
('201027198066','Jarod McKenzie MD','roel01@example.net','1973-09-05','8993 Hand Extension\nDooleyburgh, WI 04249-8797','M','1823743619','ican'),
('214114681341','Miss Dariana Greenho','hank96@example.net','2007-04-15','60614 Wilber Cliff\nWest Aaron, GA 08923','M','2853359761','tgsd'),
('218810702702','Nakia Miller','kkunze@example.org','1974-10-31','7316 Elmira Unions Apt. 478\nNorth Ralph, MO 44988','M','3305673669','xdrq'),
('229385298215','Dr. Leanne Armstrong','friesen.alysha@example.net','1980-05-24','0868 Feest Prairie\nNew Justine, OK 02496','F','5946003198','jxoi'),
('237557387624','Miss Laurine Rohan I','zemlak.audra@example.org','2012-12-03','54292 Carolina Springs Apt. 106\nWest Cristian, NM 17169-2906','F','5240538736','qiat'),
('240460789560','Prof. Reymundo Herma','everett.lubowitz@example.org','2012-09-22','9235 Bartell Walk Apt. 656\nNew Henri, NM 19353','M','3078058164','aejc'),
('258863965617','Jaquan Cole','grayce.nikolaus@example.org','1980-12-11','148 Daniel Trace\nPort Joyside, ID 00904','F','7748556940','ojuq'),
('260005350269','Shayna Hauck','hegmann.jadyn@example.com','2010-01-05','120 Osborne Village Suite 112\nRosieport, OK 80372','F','3098968996','yohc'),
('264848416358','Mrs. Enola Franecki','cameron.kozey@example.com','2010-08-09','5174 Imogene Square Apt. 661\nEast Olliechester, AK 37444','M','7462538040','rjbr'),
('279066017321','Myra Langworth Sr.','sylvia52@example.net','2004-07-30','70285 Kub Village\nEast Brucechester, TN 39725-8301','M','3251405784','jxpu'),
('279487174617','Mr. Braeden Batz II','reynolds.king@example.com','2016-04-25','0312 Lelah Ways\nMonserrateton, NE 29185-8873','F','4001754328','ujch'),
('298931492538','Mr. Hans Homenick DD','danial01@example.net','2015-12-06','421 Emmerich Extension\nProsaccomouth, WY 05749','M','3105478209','sugs'),
('306821830103','Demond O\'Hara','kayley.heller@example.net','2003-05-26','509 Eldridge Terrace Suite 490\nLake Verona, MD 51708-6833','M','3452956785','bcza'),
('307740443119','Regan Reichel','juanita33@example.net','1997-08-26','1620 Dariana River\nNorth Skylar, UT 81688','F','5427964521','qiwd'),
('308771728519','Lonnie Feil','no\'kon@example.net','2015-07-15','693 Wisoky Walks\nSouth Branson, OH 98164-2271','F','7334501204','zlpu'),
('315480292826','Osbaldo Witting I','gutmann.stephan@example.com','1986-11-14','004 Larue Prairie Apt. 861\nBlancheview, RI 48973-2006','M','2309070886','yfqk'),
('325404917996','Mr. Axel Stehr','frederic15@example.net','1981-03-24','1377 Maymie Valleys\nSouth Jolie, CA 46577','M','3882088793','jejn'),
('339649785218','Rocio Vandervort','cbradtke@example.net','2018-06-26','493 Tremaine Burg Suite 604\nRoobview, KY 59886','F','1481795885','mrbt'),
('347781433235','Leopold Schmeler','gage.boehm@example.org','2017-12-17','62805 Eldridge Springs Apt. 369\nSouth Hector, AL 26881-3948','M','7590257365','jtbu'),
('349089958866','Sandra Feil PhD','ellie.ankunding@example.net','2006-06-08','343 Kemmer Keys\nEllsworthmouth, AL 41066-5477','F','7029727221','yhfv'),
('357303125996','Jerrell Lubowitz','kertzmann.agustin@example.net','2017-12-25','47454 Murray Point Apt. 315\nWest Jaceytown, PA 27297','F','0949745310','hujk'),
('360579277361','Graciela Lowe','glenna34@example.net','1989-08-15','430 Lockman Alley\nPort Edwina, NH 07730-2755','M','2206265956','hxlz'),
('361880766659','Dr. Israel Nolan','zswift@example.org','2015-05-08','74791 Walker Crossroad\nAdolphhaven, MS 93586','F','2577526477','pyda'),
('363361759770','Khalid Oberbrunner J','amie07@example.net','2001-07-30','4697 Steuber Pines Suite 990\nShanelland, UT 54302-7362','M','3507039023','hkln'),
('371278324407','Lisa Greenfelder V','wolff.nico@example.org','2007-07-11','62952 Jaycee Ferry\nGottliebside, IN 10622','M','7573803150','wfht'),
('371637958253','Dr. Reginald Donnell','jasmin68@example.com','2012-08-19','5537 Lola River\nReesefort, KS 46422','M','8593645491','eput'),
('388353953738','Roy Bogisich','mackenzie.halvorson@example.net','1992-03-04','730 Bartell Point\nDorafort, NM 21509','M','1351455346','veaf'),
('395279871997','Jamil Schneider PhD','eleonore43@example.net','1981-07-15','39247 Kuhlman Row Apt. 824\nMilfordtown, GA 09960-0285','F','0107731475','umgo'),
('412027701141','Dr. Albina Wisozk DD','tyrique.muller@example.org','1981-08-04','368 Ruecker Shoals\nOswaldoside, VT 21175-8040','F','0258961637','ooex'),
('447927974882','Corbin Dickens','rickey75@example.net','1999-07-20','2458 Pollich Course\nNorth Naomiechester, LA 84882-3445','F','7682361530','gsjo'),
('451022500111','Dr. Chandler Sipes','rosamond13@example.org','1993-06-21','04030 Nadia Isle Suite 338\nWest Edwinatown, GA 29975','F','0041467380','jexg'),
('457208273233','Salma Waelchi','jaden16@example.com','2015-12-12','68528 Maeve Course\nLake Jessycaview, WY 53923','F','7070648378','aczl'),
('484131115217','Mrs. Delilah Smith P','charles33@example.net','1980-08-10','55426 Vandervort Village Suite 425\nKoeppland, CO 68892-8458','M','8514495662','oswg'),
('498672487586','Joana Schulist II','boyle.emerson@example.net','2004-03-09','41672 Barton Shoal\nKerlukeport, WI 64296-4843','M','8819146611','vqzg'),
('499158111819','Lauryn Wisoky','marilyne69@example.com','2012-01-22','9362 Donnelly Tunnel Suite 487\nBrekkefurt, IN 85941','F','4299541611','ygfc'),
('499436264812','Dr. Marion Considine','aliza90@example.net','1998-09-19','8614 Abernathy Way\nFisherchester, NJ 52813','M','2267275839','vwkj'),
('499871564354','Larry Kshlerin','fay.jevon@example.org','1996-11-10','4024 Streich Heights\nChynaburgh, RI 75796','M','7542750594','cfwf'),
('500863751175','Ebony Langworth Jr.','jstanton@example.com','1998-11-03','571 Graham Cape\nPort Juniorbury, NC 58666-4762','F','3788371623','qajt'),
('506800378233','Billy Thompson','freda37@example.com','2005-06-13','90224 Russel Spur\nEast Grahamton, CT 79012-6258','M','0249928496','qfio'),
('508091419195','Dr. Davin Herman','howe.mireya@example.net','1993-02-27','61625 Herman River\nKoeppville, HI 89071','M','0441903817','palq'),
('523487390950','Rashawn Dietrich','alejandra.powlowski@example.org','2007-03-12','217 Effertz Points\nPort Ken, NM 02360-8628','F','4634277750','tkdp'),
('529978178433','Lupe Schuppe','brandt31@example.org','1981-07-30','976 Seth Pines\nMaeganmouth, TX 30843-3920','F','0140901031','ugoo'),
('549624979660','Mr. Reilly Conroy Sr','pablo.brekke@example.com','1986-08-29','73355 Sauer Islands Suite 147\nHarbermouth, VA 16419-2805','M','5060086263','pxde'),
('559212555363','Mrs. Lacey Kemmer','julien40@example.net','1972-09-24','24073 Ramona Common\nMortonstad, NJ 56887-6911','F','7467603178','etpc'),
('574236579593','Gerhard Stracke','usmith@example.org','1995-02-01','559 Donavon Islands\nNew Emmyville, NJ 29599-4804','M','7411494391','wtje'),
('578889031416','Donny McLaughlin I','araceli.graham@example.com','1999-03-31','623 Toby Roads\nArlohaven, AZ 41351-6451','F','2819804324','padg'),
('599112859930','Chyna Farrell','collins.talia@example.net','1985-07-22','340 Emelia Crescent Suite 858\nLake Shawnborough, MI 29260-8889','M','6907033809','gizq'),
('619842173614','Olga DuBuque','salvador.cruickshank@example.com','2007-07-10','341 Shields Court\nHellenmouth, KS 24800-3876','M','4283453934','xevc'),
('624359682296','Jewel Lang','dpredovic@example.com','1982-11-09','91589 Nikolaus Center\nLake Darrell, TN 41397','M','1083834352','ypba'),
('638505331845','Jamie McGlynn','kub.omari@example.net','2015-10-19','40872 Kasandra Coves\nPort Misaelfurt, NJ 55206','M','1535813069','ptbl'),
('640451321840','Ila Stamm I','lmcclure@example.net','2006-11-17','173 Hermina Cove\nEast Nathanael, OH 65899-1629','M','7863558736','dhvf'),
('651773617329','Dr. Cory Monahan','wconroy@example.net','1997-02-13','42443 Ankunding Center\nWisozkbury, CA 91066','M','6949571408','eexa'),
('668258660930','Preston Gislason','ijakubowski@example.com','1994-07-18','4392 Windler Ford\nKilbackberg, OH 23911-5121','M','6030687294','vfrn'),
('677128713526','Vernice Goldner','wendell63@example.net','1995-07-16','32922 Diamond Well\nHermanbury, OH 39507-5053','M','4635996856','qefy'),
('677139619560','Amber Conroy','uconsidine@example.com','1985-10-29','874 Dorthy Gardens Suite 426\nTrompfort, NM 90733-5634','M','3835135236','hzze'),
('720934027136','Isabella Bosco','urosenbaum@example.net','1973-03-26','977 Greenholt Isle\nSouth Karianneton, AK 02898','M','7949274299','hfol'),
('721023599405','Mrs. Lacey Walsh IV','skylar81@example.net','2015-02-21','8832 Zieme Point\nLake Malachi, GA 39965-8099','F','7519855500','kndi'),
('724582148971','Zachary Wunsch','jessie58@example.com','2017-01-07','8178 Albin Pass\nWest Meggiemouth, IN 35752','F','6638714813','kvfm'),
('736760465362','Miss Leilani Swaniaw','dnicolas@example.net','2003-08-23','203 Ceasar Bridge\nNew Charlenemouth, IL 76649-8240','F','5403676917','feos'),
('736902253846','Jayme Abbott','brakus.damien@example.org','2014-10-25','1696 Mike Knoll\nEast Hubert, NE 14568-4429','M','9076169257','nafy'),
('741836394814','Ofelia Zieme','nhintz@example.com','2011-12-20','734 Nannie Shoals\nAbshireland, CT 70401','M','6010425240','mmpk'),
('743386040083','Mr. Maxwell Fay','gilbert.stehr@example.net','2003-04-05','1515 Emory Points\nJohannashire, MA 38606','M','3255002810','xakj'),
('745067336645','Marisol Waters Sr.','zlemke@example.net','1973-10-25','98868 Ophelia Locks Suite 844\nNorth Una, OR 07011','M','0866979194','onxo'),
('752452733864','Sebastian Frami','magdalen.konopelski@example.net','1985-01-31','1511 Leatha Mission Apt. 531\nBeahanfurt, ME 30223','F','2928877414','yjbx'),
('769180093656','Mara Lubowitz','keira.balistreri@example.net','1978-01-23','80291 Moen Ramp\nEast Brigitteshire, DC 26558','F','4396376006','uyou'),
('774224471758','Miss Lorine Pollich','windler.heloise@example.net','1985-06-25','651 Arielle Glens\nBlaisemouth, NM 04730-7018','F','8977299940','uvub'),
('784460045580','Dr. Otto Carroll III','gulgowski.rosella@example.org','2017-02-24','6235 Jodie Stravenue\nNorth Gunnarshire, MT 99475-1144','F','5795875061','siag'),
('788717833551','Ilene Ledner','brock75@example.org','1993-02-19','85898 Lorna Throughway\nPort Pinkiebury, PA 40582','M','2178375662','ulzu'),
('802374294885','Dr. Royce Gorczany S','roob.juana@example.net','2003-05-17','41336 Carmen Passage Apt. 898\nLake Adalberto, IA 19889','F','3327908094','tzkb'),
('809204732156','Santiago Wyman','elaina.schuster@example.com','1990-02-19','6666 Citlalli Drive Apt. 633\nGaylordbury, TX 42345-3346','F','8665813383','wbuf'),
('816772189622','Miss Zoie Ullrich','estrosin@example.org','1985-12-25','017 Murray Points\nEulaliachester, GA 65721','M','1206046375','ypxg'),
('818643318600','Dr. Zetta Beer I','hazle.gulgowski@example.net','1982-12-15','3252 Clifton Flats Suite 214\nWest Rosemarymouth, SC 09990-8901','M','3951771668','xluq'),
('826197602275','Miss Vicenta Runte','jamaal78@example.org','1992-03-30','257 Shanny Crossing\nDeclantown, MT 86756-8570','M','0412846393','hzti'),
('844691664535','Brando Bruen','berenice95@example.net','1970-06-18','388 Herzog Squares Apt. 912\nLake Johannamouth, OH 03391-2489','F','4254999945','hqne'),
('845081174156','Mikayla Turner','shanahan.monique@example.org','1997-01-22','626 Marquardt Prairie\nPinkietown, ID 16103-8957','M','4195073692','szxc'),
('849959212428','Dr. Cathryn Reinger','lilla13@example.net','1981-11-15','7867 Jeanie Hollow\nJoaquinberg, RI 41608','M','5671585127','scqd'),
('894754020351','Antone Powlowski','felicity.legros@example.com','1985-02-25','65975 Ulises Mountains Apt. 717\nLexiview, WY 79162-9568','F','9569612719','agha'),
('904488949870','Lizeth Green DDS','jkunze@example.net','1998-02-16','27753 Parisian Estates\nWest Hassie, WY 95296','F','7854561695','wuut'),
('914747685568','Orlo Weber','deanna.rolfson@example.com','1982-10-02','59534 Theresa Park\nJaniyaport, AR 46978-6354','M','4357170710','gnqa'),
('918787602752','Nia Cronin I','rylan.vandervort@example.com','2010-01-14','921 Ruecker Junctions Suite 985\nPort Emmanuellestad, UT 83902','F','1092933644','wwgy'),
('932194460763','Electa O\'Connell','kjaskolski@example.org','1976-09-10','2685 Mante Cape\nAltenwerthshire, UT 56602','F','6375666645','kcdx'),
('936934731370','Giuseppe Hessel','nash88@example.com','2013-04-14','1193 Maybell Greens\nEast Coy, MT 83323-4900','M','4931333064','ufkm'),
('969565363449','Zechariah Paucek','avis70@example.org','2002-08-17','89934 Alexandrine Mountains\nSchoenfort, MO 05110','F','6807974623','iojc'),
('972746910756','Zakary Johns','lo\'kon@example.net','1975-08-17','967 Beahan Field Suite 307\nPort Edwin, FL 66495-6506','F','9548577669','phge'),
('982117054282','Percival Larkin','haag.sallie@example.org','1991-02-17','1940 Angelo Estates Suite 509\nJanaetown, NY 37719','M','8261388155','qduh'),
('983744863439','Loren Lockman PhD','littel.alejandrin@example.net','1999-03-21','2959 White Pines\nNew Samara, GA 21326-8986','F','3876369216','gpca'),
('990916421268','Beth Funk','lkozey@example.com','2010-01-05','4826 Lora Walk Suite 593\nLake Florence, GA 79088-9539','F','3090614447','vhdz'),
('994116080518','Rowan Hoppe','laney07@example.com','2011-12-23','8802 Luna Corner Apt. 922\nSouth Cornelius, AL 92059-9351','F','4446322034','smpu'); 






INSERT INTO LabDetails VALUES ('004583959839','Becker, Mayert and Q','11477 Labadie Ports Suite 910\nReannachester, AZ 83167-1959','zoila60@bayer.biz','445220479'),
('022728922753','Muller-Carter','688 Weissnat Well\nRennerstad, AL 00453','antonio.price@rosenbaum.com','190212386'),
('077956590116','Carroll Group','757 Runolfsson Mountains Apt. 374\nLake Mandy, AL 10807','issac.shanahan@ritchiegleichner.com','701808497'),
('082888880540','Quigley, Kuhn and Bl','889 Casimir Lodge\nNoeliamouth, LA 87981','tabitha44@wilkinson.com','731441788'),
('086235033308','Marvin PLC','3069 Darby Well\nPort Novella, GA 69918-2719','jarred.heidenreich@gusikowski.com','550053527'),
('100507203084','Boehm LLC','10958 Huel Landing\nLeannonland, PA 41084','bbosco@dietrichmuller.com','275135736'),
('106475645058','Greenholt-Lubowitz','529 Gleason Shoals Suite 159\nOkunevamouth, NM 16241-5836','yshanahan@blickschmidt.info','087688094'),
('107301285193','Kiehn Group','66467 Lera Stream\nMayerthaven, DE 65617-2496','jsipes@ziemannherman.info','004650666'),
('107861467829','Wiegand and Sons','16310 Leonardo Orchard\nLake Laisha, CT 19026-3552','alfonso.wiza@rogahn.org','539400921'),
('109031325312','Huels-Nader','928 Mante Rest Suite 825\nGarfieldfort, NY 24386-6097','annie.skiles@larson.com','491282661'),
('116622856543','Reynolds-Wunsch','45294 Eudora Shore\nNorth Luciefurt, AZ 62089-8282','maribel.dooley@colebartoletti.com','790697874'),
('116881611269','Romaguera, Labadie a','5109 Everette Walks\nMyrtlehaven, ND 65660','lou.nicolas@mitchell.com','046122571'),
('129484760853','Feil Ltd','358 Ariel Lights\nBoyleport, WI 95379-8182','xankunding@rueckerchristiansen.com','347544679'),
('132958213966','Johnston PLC','98092 Rolando Fork Apt. 747\nHeidenreichville, IA 17345-4433','susan82@hamill.biz','394979042'),
('165900508809','West-Wolff','40455 Maymie Pike\nEast Oswald, OK 66112','dreichert@kemmergrimes.net','891995739'),
('190658518379','Schneider, Miller an','45797 Pete Crescent Suite 650\nLeoniestad, MI 44753-0877','greenfelder.kennith@gerholdhirthe.com','599718167'),
('196068075342','Botsford, Okuneva an','68018 Jadon Junction\nTobytown, TN 73097-4648','barbara.becker@dach.com','736132977'),
('241628859442','Jerde, Gleichner and','95112 Sonia Passage\nNew Hildamouth, MT 32840-8480','berneice10@kohler.com','947021649'),
('269584096440','Parker, Towne and Cr','856 Schiller Forge Suite 620\nSipestown, VA 87923-1988','waters.kennith@blanda.net','592287085'),
('273937294310','McDermott Group','274 Jacobi Wall Suite 492\nAngelachester, CO 13931-0351','john.white@beattyweber.com','656880439'),
('314879520824','Feil-Roberts','84685 Jayme Ramp\nJeromymouth, CT 29595-3516','boehm.lester@sanfordreilly.com','552133242'),
('318299110094','Welch-Schulist','990 Grimes Keys Apt. 670\nLubowitzstad, NH 31594','jakayla.pfeffer@bayer.biz','317858337'),
('324968425394','Lang-Ebert','16794 Hamill Walks\nLorenzshire, MA 42288','quinten.friesen@schultz.com','384508407'),
('342281565046','Bins, Weissnat and T','7604 Corine Hill\nNew Florenceburgh, OK 04117','cwaters@hermiston.net','470648680'),
('349230144721','Wolf, Walker and And','8894 Belle Fork\nPadbergberg, OK 62834-3472','cathy.dickens@waelchi.org','182546366'),
('362638677552','Smith Group','845 Ima Lodge Suite 810\nKarinetown, TX 61612-6253','mittie.gulgowski@williamson.com','388112966'),
('385384310067','Roob Group','48615 Kiara Hill Suite 661\nWest Ciceroside, NH 16402-4313','johnnie92@carter.com','704271712'),
('386823764093','Boyle-Cassin','3153 Floy Fall Suite 363\nEast Larue, MA 77391','tyrique12@rueckersanford.com','237778199'),
('393212738979','Jakubowski, Effertz ','965 Reina Prairie\nPort Jaedenport, OK 29734','miller.fadel@price.com','541205535'),
('410955670153','Parker LLC','29446 Gulgowski Lock Apt. 723\nCarriestad, LA 30555-5783','legros.will@quitzon.com','932828324'),
('412053796735','Kub, Bruen and Shiel','88408 Casey Garden\nSouth Justina, OR 63800','madyson.borer@hackettcronin.net','633395224'),
('419839004234','Hamill, Gusikowski a','16248 Edythe Trail Suite 506\nVelvaberg, AL 00274','gmueller@schimmel.net','381910655'),
('423541437411','Bauch and Sons','3618 Kyler Isle Suite 557\nEast Bryanamouth, CA 96599','henry.hilpert@jaskolski.com','559353477'),
('444105885856','Schuster-Jaskolski','102 Alfredo Ferry\nElmiramouth, CT 28931','wiegand.roger@luettgen.com','104004945'),
('448021293389','Bechtelar-Turcotte','0431 Sydnie Spurs Apt. 714\nPort Julianastad, MS 10154-8062','otis.veum@von.com','429669521'),
('462737054460','Walter, Hills and Wa','7041 Fritsch Heights\nNew Jasenborough, IN 45864','anne59@rolfsonlowe.biz','638466514'),
('477216453287','O\'Reilly and Sons','014 Kemmer Port\nLake Rosalynville, AL 05542-7770','jules53@moore.com','698997320'),
('486773936267','Bednar, Schmitt and ','269 Fadel Stravenue\nWest Della, WI 81928','quinten.o\'connell@collins.com','281412141'),
('492103580326','Conn, Larkin and Cru','9411 Joannie Villages Apt. 214\nWest Abbie, NJ 25309-5751','nbailey@hilpert.org','529424543'),
('495090079158','Franecki-Ernser','5379 Considine Track\nLake Carmineton, VA 63943-5317','pdubuque@mann.net','710926464'),
('498885091571','Jakubowski Group','326 Augustus Run Suite 563\nLeonardoland, WV 54728-7561','alexandrea.schmeler@gorczany.com','055113271'),
('500641400132','Funk, Lueilwitz and ','116 Berta Lane\nPort Deshaun, RI 41397-2372','jermain62@lakin.info','281694844'),
('502633700726','Larson LLC','3411 Kuvalis Island\nLake Darleneview, NH 14319-2782','margaretta.powlowski@jacobi.com','824390414'),
('503568199141','Brakus-Rohan','344 Giuseppe Parkways Suite 778\nWest Onie, ME 23518-1464','foster72@shields.net','584330747'),
('505200916534','Lowe, Casper and Whi','93272 Coty Flats\nWest Andrehaven, LA 60004-4958','coralie.quitzon@wolffschamberger.com','685614245'),
('508142561830','Wisoky-Lehner','21069 Koch Well Suite 777\nPort Evelyn, MT 07686-3703','emmanuel.weissnat@parker.com','263804138'),
('511269537811','Brakus-Durgan','72904 Geo Road Apt. 781\nWest Trey, NJ 92358','delta74@gradyframi.com','520915966'),
('512863509560','Renner, Cruickshank ','373 Zelda Street\nSchultzbury, FL 54170','crawford.bode@ferryondricka.com','353207435'),
('520331946638','Schultz-Blanda','06594 Lillie Keys\nLebsackburgh, ID 94059','arutherford@morar.com','039323712'),
('546225199152','Stark-Pagac','18752 Harvey Forest Suite 535\nEast Ephraim, MO 85409','citlalli.halvorson@erdman.net','539529629'),
('546386720375','Zieme, Bogisich and ','60218 Boehm Heights Suite 276\nEphraimburgh, OR 85041-3329','umoen@predoviccrooks.com','567579383'),
('552949932412','Wilderman-Ziemann','59676 Stehr Greens\nWest Genevieveburgh, NC 39966','gunnar.pouros@emard.com','468618660'),
('561302379188','Armstrong PLC','197 Bednar Grove\nMantefort, CO 63967','mafalda46@moorefunk.com','223321139'),
('578643773981','Greenfelder-Schmidt','106 Celestino Burgs\nBatzfort, ME 80739','ccartwright@hartmannstiedemann.com','810946374'),
('591554402945','Roberts-Daugherty','81953 Lacey Causeway\nMarcelleborough, AZ 00817-5218','lconnelly@brekkejacobs.com','020737507'),
('594773783438','Rogahn, Donnelly and','204 Swift Turnpike\nLake Ana, OK 02802','schroeder.devyn@jerde.com','641236558'),
('602211610946','Hoppe, Yundt and Jak','5646 Eldora Curve\nJovanihaven, KS 27968','emelie38@heaney.com','057339960'),
('627648625254','Pollich, Hermann and','8331 Dameon Islands\nEast Amelie, VT 73326-6281','hilll.stanley@kuhicschulist.com','380995011'),
('629610327640','Streich and Sons','6939 Hermiston Shoal\nLitzyland, AZ 17807','lowe.cade@willmsgusikowski.com','079266105'),
('644805859452','Thiel-Schimmel','57303 Smith Mountains\nHarrismouth, OK 84383','oullrich@leuschkebeahan.com','862824645'),
('646299967788','Schiller Ltd','9438 Concepcion Gardens Suite 774\nNorth Jaidahaven, PA 73101-7045','oparker@rodriguezbarton.net','550887959'),
('652217514458','Towne, Brown and Hay','48439 Jamil Mount\nEast Immanuelfort, FL 58515-8507','waelchi.theron@wisozk.com','730300317'),
('659827980327','Ankunding-Bartell','08796 Muller Causeway Apt. 566\nNew Pearlside, OH 90900-0269','vladimir.dickinson@luettgen.info','384298238'),
('660824525706','Waelchi Group','6478 Hodkiewicz Alley\nEast Marjolaineton, SD 95466-9462','aileen.pacocha@watsicabailey.com','641908143'),
('662227741653','Corwin PLC','663 Barrett Roads Suite 959\nNeilfort, AZ 02850','vanessa59@bins.biz','937421351'),
('666778401615','Boehm, Jacobson and ','21287 Cremin Villages\nDayanaland, HI 33553-7613','gunnar.schumm@wymanbogan.info','997577296'),
('676012771488','Predovic and Sons','786 Kiel Springs\nWest Alene, TN 60232','wanda.borer@hauck.com','524217836'),
('676704226194','Schneider PLC','6222 Strosin Plain\nSouth Eldatown, NV 60246-1685','eugenia45@raynor.com','865501497'),
('678079507541','Becker Inc','82800 Lizeth Court\nWest Diegoport, SC 95270','rowland.heathcote@brekke.com','170642050'),
('682734293759','Gutkowski, Murazik a','83252 Garnet Rue\nPort Marc, MS 65468','maggio.jayden@gerlach.info','177970869'),
('699189012866','Kris, Bogan and Donn','34707 Simonis Club\nNew Zoieville, VT 52698-0987','quitzon.zachariah@bradtke.net','791882408'),
('703646765869','Macejkovic and Sons','287 Kyleigh Junction Apt. 947\nEdmondview, SD 19852','maxime.torp@volkmanflatley.com','706046760'),
('706446033917','Goldner-Prohaska','884 Quinton Avenue\nLake Aydenmouth, MS 84158','amelia35@bruen.org','400788003'),
('718110055634','Bradtke, Carter and ','0678 Dax Rue\nMedhurstville, TX 96276-8407','ralph.kilback@faheystark.com','746549697'),
('728483788338','Stoltenberg, Conroy ','60176 Orrin Station Apt. 146\nEffertzview, AL 88266-5175','xmclaughlin@harris.com','217275502'),
('731140068375','Fritsch Inc','53598 Corene Curve Apt. 255\nSouth Lindamouth, MI 81558-1598','ethyl57@rathmorar.com','927745135'),
('739055588662','Rohan-Mraz','07830 Weissnat Mountains\nMandystad, FL 58359-1598','noble.streich@homenick.org','402065687'),
('754438114215','Gusikowski, Mante an','640 Hershel Stravenue Apt. 435\nReganville, CO 40620-3913','libbie27@runolfsdottir.com','496353565'),
('760898778350','Abbott, Mayer and La','123 Lolita Motorway\nRodriguezstad, TN 34534-6257','do\'hara@hoeger.com','059221773'),
('769295543304','McDermott-VonRueden','186 Opal Groves Apt. 252\nAdonismouth, OR 83277','sauer.michael@smitham.com','958735334'),
('771671256391','Cartwright-Ferry','64747 Timmy Fields Suite 379\nLakinview, HI 06226','giles.anderson@donnelly.com','907078818'),
('776775053573','Herman, Nolan and Ru','723 Beer Freeway Suite 785\nRosalindview, WA 19023-7172','finn36@mosciski.com','110241936'),
('781835848389','Hand, Green and Hirt','44353 Mariam Street Apt. 365\nNew Davontestad, WV 14528','polly.jones@kutch.org','635746986'),
('784012599621','Schmeler-Rogahn','630 Giles Hill Apt. 910\nSwaniawskiville, OH 80063-8478','xgislason@predovic.com','368743729'),
('784569191461','Yost, Shanahan and S','37363 Boehm Coves\nMertieport, NE 65936','ydenesik@nienow.com','589155259'),
('793633037050','Cormier-Kris','9581 Torp Square\nWest Bettiechester, MI 81843-5776','usmith@schaefer.org','012379320'),
('805482378671','Langosh PLC','847 Kellie Drive\nBarrowsport, NC 46501','jabari.langworth@cronaschultz.com','049366721'),
('820396139175','Keeling Ltd','78634 Tatum Park Apt. 094\nNorth Lerashire, NM 05203-9753','jacinto84@hintz.com','760821196'),
('821820159561','Heaney-O\'Kon','4290 Frami Corner\nLacyfurt, CA 52773-9177','lindgren.mac@walshcole.biz','052783863'),
('828135547031','Gorczany-Kautzer','84581 Delphia Park\nDonnellyburgh, GA 46356-8661','fay.tyson@franecki.com','441988763'),
('830886612332','Rosenbaum, Hermann a','0188 Chad Junctions\nPeggieborough, HI 24803','nolan.vilma@schmelerlegros.info','706436373'),
('860558106483','Morar-Powlowski','1529 Ashtyn Circle\nEast Marcella, ME 91902','kasandra.toy@auer.biz','407919330'),
('880777521372','Boehm Ltd','6494 Mayer Lakes\nNorth Rogelio, VA 75897-4444','kbaumbach@waters.com','678960582'),
('911244071110','Vandervort, Beer and','612 Roger Corners\nKirlinfort, NY 70228-1453','leanna.conroy@gutkowskihermiston.com','431825720'),
('914043039380','Murray, Lehner and J','82026 Weber Hills Apt. 404\nSouth Minnie, WI 74873-4339','hauck.jeremy@haley.com','047067477'),
('927797796553','King, Franecki and K','7953 Moore Stravenue Suite 094\nDachfurt, DE 07056-2375','barry.mertz@mccullough.com','710553608'),
('953574071504','McGlynn, Murray and ','9958 Adalberto Square Apt. 441\nSouth Brendaburgh, AR 60900','tommie96@little.com','808287762'),
('957230794152','Reinger Ltd','61322 Afton Neck\nSpencerchester, PA 62032','weimann.eulalia@runolfsson.com','122003840'),
('961899497262','Dicki-Dare','4505 Armstrong Passage Apt. 849\nErdmanfurt, OK 86525-3449','gdonnelly@collierbarton.com','407568824'),
('978843142301','Satterfield Group','670 Osinski Parks\nDessieside, VA 06287','aconnelly@mueller.org','928704538'); 






INSERT INTO PharmacyDetails VALUES ('016922216377','Marquardt and Sons','0351 Hegmann Hills\nLeannonbury, HI 77201-3782','lia16@bernier.info','4424296220'),
('055206055818','Volkman Inc','1459 Ebert Junctions Apt. 061\nDelilahport, MT 42101','baumbach.estevan@wolff.com','6975291899'),
('098057077983','Rowe-Jacobs','5256 Ferry Groves Suite 820\nNew Vinnieside, LA 44819-9785','fidel03@schaden.biz','7750671936'),
('100659791869','Wiza, Fahey and Mill','132 Maggio Garden Apt. 501\nNew Yoshiko, KS 29363','wunsch.leanna@lesch.com','7156422891'),
('110864545752','Kuhic-Aufderhar','9446 Greenholt Mission\nLake Samantha, MO 85944','steuber.jammie@champlin.com','3472337720'),
('115153855592','Ryan Inc','07288 Kassulke Via Suite 882\nLake Grahambury, OH 03877','heaven.christiansen@towne.com','6565603324'),
('134480199938','Turner-Hartmann','0885 Runte Hill\nMichelleshire, KY 00526','dustin.feil@hartmann.biz','1689430051'),
('142648587599','Konopelski PLC','09081 Boyer Village Suite 664\nSouth Vida, OK 91375-5875','eliezer.mitchell@bartolettiledner.com','1102194430'),
('164429965729','Stamm-Parisian','461 Hayes Ports\nSouth Arianna, MN 70157-3116','trantow.cristal@satterfield.com','3685589632'),
('171933196748','Lubowitz, McGlynn an','901 Franecki Estates\nPort Candelario, IA 05832','hettie86@okonbeer.com','2091280709'),
('178157147547','Fritsch-Weber','52167 Braun Mountain Apt. 359\nEast Lincolnbury, PA 71815','grant.ruthie@walsh.com','8250400658'),
('180081238653','Lueilwitz-Quitzon','576 Delores Flat\nPort Lucioburgh, OK 99126-8503','grover09@willhauck.info','0529428891'),
('185221192691','Maggio-Koss','244 Upton Springs\nSouth Foster, WA 73980','kiara.jakubowski@armstrong.org','4284586785'),
('187620277431','Cremin, Balistreri a','2367 Wolff Canyon Apt. 300\nRodriguezville, NE 55928-2719','bashirian.irwin@dooleypouros.com','0672861497'),
('188762286946','Hilpert PLC','870 Cora Trafficway\nPort Brisafurt, WI 36765','qgreen@sipes.com','2932803169'),
('212474848209','Hane, Walker and Swi','994 Pattie Walk\nRuperttown, WY 80396-6759','runte.evan@runte.com','7633542066'),
('236111043741','Rau, Bartell and Hoe','9078 Justyn Viaduct Apt. 486\nLake Kirk, WV 29348-3113','steuber.lamont@konopelskischaden.com','0770487258'),
('242563276016','Bergnaum-Weimann','268 Allison Freeway Suite 678\nBrekkemouth, RI 90953-0779','hauck.jaquan@hegmannkertzmann.com','3394311053'),
('249870333495','Olson PLC','2528 Conn Spurs\nNilsfurt, MN 53979-7023','jcrooks@ortiz.com','3226537539'),
('272065133382','Ernser, Upton and Mo','48047 Crona Center Apt. 623\nNew Kristina, AL 79988','hodkiewicz.pearlie@luettgen.com','4255714062'),
('281164083459','Reichel-Abshire','3041 Jenkins Mountain\nChristiansenberg, TX 97608-4499','fgoodwin@mcdermott.com','6317276453'),
('285046783203','Baumbach-Harvey','469 Stefan Island Apt. 723\nBrandonview, NM 95925','crist.christop@hoppe.com','6625623297'),
('304608034555','Reinger Group','484 Mittie Walk\nNilsborough, SD 87187','rhoppe@huels.info','7950905529'),
('305419505851','O\'Connell-Mertz','74604 Oral Meadow\nAlisonberg, VT 21830-3134','hahn.taurean@sipeshilll.net','7108776279'),
('317980651610','Davis LLC','2219 Alvis Squares Suite 945\nNorth Turnerport, WA 80377-2188','walker.brain@smith.com','4593802757'),
('324172696754','Luettgen-Lebsack','54184 Margarita Extensions Apt. 343\nGreenfelderfort, MI 57239-9167','elmore09@tromp.com','3829725618'),
('333484367563','Purdy Ltd','26235 Lakin Lights Suite 334\nBruenstad, VT 44125','porter72@reichert.com','2376456989'),
('344478322585','Waelchi LLC','99244 Alta Island Apt. 466\nSchoenhaven, NY 65784','colby.gottlieb@lindgren.com','5099332291'),
('347353825460','Smitham Ltd','422 Ezekiel Causeway Apt. 862\nNew Oscartown, CA 61253-6441','brett83@konopelskibartell.com','7106652968'),
('349089482335','King, Nienow and Hal','203 Lucienne Hill Suite 319\nWest Laurianne, SD 90907-6585','tcummerata@ziemestroman.info','5049040052'),
('349631412931','Kunze, Hoppe and Goo','590 Graham Island Apt. 963\nWest Alexandremouth, RI 97348-7354','gabriella95@trantow.org','0161662291'),
('351285873655','Gaylord Group','50355 Emard Creek\nLake Rosalind, WY 63363','herzog.justen@lynchmccullough.biz','5477930851'),
('356771026222','Spinka-Lehner','3461 Dedrick Point Apt. 909\nPort Loyalhaven, FL 20839-0383','mckayla.mcglynn@pagackuhn.com','9603871780'),
('357142196349','Wyman, Buckridge and','8185 Jannie Springs\nSouth Althea, MS 44651-5238','brady55@bodeschroeder.net','9113745674'),
('364475685192','Hickle-Murray','576 Glover Burg Suite 959\nCalistaberg, WV 48301-8390','mac.cummerata@swaniawski.com','1192915507'),
('398194647765','Rau and Sons','06136 Jakubowski View Suite 147\nDomenicaland, WV 90868-1560','ebuckridge@morissettedare.biz','8892507048'),
('405159597390','Leffler, Willms and ','796 Witting Throughway Apt. 918\nWest Greenmouth, KS 31386','lorenzo.upton@boyle.org','3373026444'),
('412343799400','Reynolds, Rowe and R','88298 Rogelio Road Apt. 760\nWest Kirashire, IA 77683-6332','stacy.powlowski@wiza.org','4917591111'),
('414265160851','Nicolas PLC','4887 Gianni Plaza\nHeidifurt, NE 50500','king.cortney@hartmann.com','4467754893'),
('418006048510','Raynor PLC','804 Eugenia Lights\nCamillamouth, MN 05193','selina.harris@wiza.net','7253785252'),
('426362898930','Abernathy Ltd','714 Harrison Curve Suite 861\nJohnathanfurt, NM 00508-1271','nichole42@ankundingolson.biz','4654185092'),
('433292229918','Skiles, Hackett and ','4388 Uriel Drive\nEast Rhianna, NJ 02281','uosinski@andersonemard.com','8386051008'),
('452939075721','Sawayn Inc','5832 Bernier Ramp\nWest Nicolettemouth, WV 27194','bpagac@jenkinsdickens.info','7103632952'),
('453142820091','O\'Conner-Frami','3391 Beier Summit\nWest Corine, WA 32286','gfranecki@grant.com','8726880069'),
('468931642538','Schoen PLC','8145 Mraz Meadow\nEast Ursulastad, OR 95207','jast.braxton@leffler.net','7971616065'),
('481430880680','Harris-Welch','059 Jimmie Viaduct\nBartport, MN 97059-3401','nels94@leannonquigley.com','0919700962'),
('486661172366','Romaguera Ltd','848 Jacobs Coves\nSouth Alessia, AL 11612','senger.myah@funk.info','3734743820'),
('497508222139','Rice, Auer and Wiega','07087 Herta Lodge Suite 219\nLake Beau, MI 65380-7596','hertha44@hegmanngreenholt.com','4508438242'),
('499645014769','Abshire Ltd','5375 Thurman Street Apt. 326\nLake Sydnieport, AR 64198-1194','bria15@harbertremblay.net','8977466675'),
('520922466993','Stark-Berge','7193 Danielle Street Suite 964\nNew Modesto, MS 95554','scarlett.bruen@lehner.com','2277951902'),
('529138935962','Hauck PLC','6670 Stokes Dale Suite 777\nFunkside, PA 00294-1538','krista.blick@wardquitzon.net','1683025609'),
('533833399335','Brown Group','758 Trisha Well\nHershelmouth, NE 18525','tspencer@lang.info','4396475118'),
('542264991666','Reilly, Champlin and','4102 Landen Squares\nWest Torey, TX 04895','hintz.saul@howellupton.biz','2797207795'),
('563391473870','Dooley, Waters and H','23951 Roberts Landing\nWest Coryfort, NJ 58308','ruthe57@rohan.com','2205554469'),
('578367654022','Gerlach and Sons','37867 Volkman Ways Apt. 499\nPort Edisonborough, MO 92830-3426','hirthe.kristopher@jonessteuber.com','4483037088'),
('581065257544','Kiehn-Marvin','319 Bins Oval Suite 416\nBartonshire, VA 01200','justina.koch@stokesrau.com','6793995293'),
('622176521779','Bayer Inc','55681 Rath Wells\nDeontaefurt, CO 93151','gretchen.considine@bergstrom.com','3873813534'),
('627429125174','Tillman-Streich','6073 Jordyn Point\nPort Nellie, SD 51285-1366','danyka.harber@gulgowski.com','7765021327'),
('629984594034','West-Fisher','9049 Chloe Fork Suite 299\nCronaborough, KS 22490-9694','xhomenick@ortiz.info','0597992173'),
('642259435343','Auer, Kerluke and Wh','4488 Maxwell Grove Apt. 606\nBraunmouth, PA 03963-3657','elouise.treutel@champlin.net','2141416812'),
('643364255361','Toy, Klocko and Wolf','942 Goldner Ports Suite 068\nWest Darius, NH 18528-3124','bahringer.geoffrey@kemmer.com','4661082302'),
('646121571315','Pouros Group','094 Tara Creek\nTownechester, WI 00979-9386','guy01@wintheiser.com','3949426541'),
('650503428857','Larkin, Strosin and ','0162 Larson Brook Apt. 924\nPort Judahchester, NM 68925','qwindler@johns.com','7875221988'),
('659954141354','Little, Bartell and ','394 Cremin Ramp\nNew Jace, FL 48542-8187','no\'conner@okuneva.com','1666866544'),
('668263503691','McCullough Inc','508 Doug Tunnel Apt. 875\nNew Cedrickside, SC 13099-7801','roob.ariane@hamillwisoky.info','6691874844'),
('679147103964','Kuphal-Mosciski','67875 Robel Rest\nPietromouth, AR 36237-3030','elisha49@keelinghalvorson.com','3929251921'),
('688841474346','Kuphal, Miller and P','0600 Teagan Extensions\nBrownhaven, SD 77411-5403','corrine09@durgan.net','3668365456'),
('690720676261','Homenick Inc','52265 Rafaela Streets Apt. 402\nNorth Adela, WY 02537-6100','oleta.heathcote@bogan.com','9777908218'),
('700047695542','Donnelly, Treutel an','09517 Michael Centers Apt. 107\nAldenfurt, IA 37930-2959','lind.wilson@hahnrodriguez.com','6238129046'),
('716140787741','Gutmann, McLaughlin ','122 Rita Ramp\nGutkowskishire, OK 39592-3711','lyda.towne@crist.info','3397067533'),
('723671492453','Hettinger LLC','53967 Parisian Common\nSouth Evelynfurt, NM 15790-0865','nkoelpin@dubuque.com','9690091075'),
('723720739039','Reinger, Reilly and ','73532 Rolfson Views\nSouth Daisha, WV 36578','bauch.nikita@fahey.com','2932532475'),
('726761993271','Kohler-Grimes','362 Fletcher Passage Suite 854\nNew Demarco, ND 34616','tyrell64@koss.info','2249309187'),
('740692212769','Grimes, Doyle and Re','9120 Upton Summit Apt. 949\nOpheliaborough, WY 58418-4311','melvin89@nikolausgusikowski.com','3726463205'),
('742481327928','Ullrich, Swift and M','5576 Joy Grove\nMatildeberg, MO 55469','evangeline00@schuster.info','5475953096'),
('779758227139','Lindgren-Hagenes','484 Botsford Harbors\nNew Moriahshire, UT 23914','qrice@runteroob.net','1454412507'),
('815966804464','Kovacek Ltd','093 Lilian Village\nPort Destini, GA 49266','demarco.okuneva@denesikhaley.com','5706109392'),
('819902849059','Gislason, Kemmer and','182 Felicita Forges Apt. 255\nSouth Desmondville, CT 71463-9604','robel.matilda@conroy.net','0343888082'),
('820817278267','Hirthe-Monahan','7159 Ziemann Pine Suite 634\nLake Anais, TX 88745-6848','arielle80@gerlachhirthe.com','5766181067'),
('833806308278','Balistreri, Johnston','440 Arnaldo Oval\nLake Trystan, AL 27215-5848','lakin.justina@huelhyatt.com','7039538999'),
('835393434217','Lockman-Prosacco','34855 Rosemarie Spur\nKlingtown, NV 27908','elena77@howellmarquardt.com','6694682291'),
('837274726957','Ullrich, Upton and H','78640 Zion Spur\nSouth Abdul, ID 35469-3192','stanton.nigel@powlowski.biz','0075252462'),
('837749412782','Parker-Feest','74959 Boyer Port Apt. 568\nNew Amberland, MD 37852-0548','nleannon@gulgowski.com','9601797034'),
('840641005345','Wunsch, Baumbach and','10142 Jaiden Camp Suite 571\nLake Keyonstad, TN 50604-0631','conn.april@haaghettinger.com','4267259923'),
('851385386000','Hansen, Aufderhar an','9058 Schaefer Curve\nRippinborough, AK 57903-3545','bherman@ritchie.com','3453835747'),
('872883626816','Romaguera, Breitenbe','470 Veda Squares\nNorth Madaline, MN 90798','katrine.wilkinson@gutmannbartoletti.com','5911541571'),
('888420222409','Effertz and Sons','6409 Gislason Plaza\nPort Theresiafurt, OK 82541','qhansen@schmitt.com','7205846325'),
('890779377933','Bernier-Herman','3761 Chesley Ports\nPort Kenneth, GA 30955','tom.nolan@hilll.info','4837272487'),
('892987130447','Rohan Ltd','19944 Hyatt Path\nOzellaview, OR 31747-7247','iwest@goldner.com','7698845815'),
('913672672863','Hegmann-Hermann','875 Tina Pike\nNew Delfina, RI 71040','tomasa.robel@oreilly.com','0094593716'),
('918774410805','Watsica-Gusikowski','64909 Wisoky Corners Apt. 330\nAntonettabury, LA 51700-6541','dernser@bernier.com','8666917119'),
('929705197254','Homenick-Hagenes','5522 Jorge Drives Suite 620\nSchulisttown, GA 32966','clemmie62@beier.info','6280876796'),
('930913501154','Okuneva-Glover','139 Eleanora Bridge\nWardborough, KY 20805-6296','bradford.erdman@torpbartell.com','6500272032'),
('932665834996','Klein-Schmidt','997 Lenore Ways Suite 363\nStoltenberghaven, MN 53985-8602','cleora.d\'amore@dubuque.info','8549227685'),
('935528607738','Bednar LLC','78655 Albert Island\nLake Domingo, CA 31528','waters.boris@jast.org','2194949297'),
('971545898474','Rohan-Quitzon','49099 Jabari View Suite 189\nChristophetown, DC 61151','hschaden@beatty.info','5237788051'),
('981151220929','Runte PLC','3690 Feeney Spring Suite 302\nPort Junius, ND 71582-7370','jacey.kemmer@russel.net','8201161309'),
('992493905317','Luettgen-Kihn','7748 Wiza Port\nPort Antwanview, MN 55746-9312','nwindler@lockmanmiller.com','6107627084'),
('994733858819','Collins-Padberg','95465 Jast Glens Apt. 520\nEast Anastasia, PA 24125','destin.hammes@will.com','1099384315'),
('994935793964','Douglas Group','577 Quigley Ports Suite 880\nWest Ashton, SC 06882','cydney.zulauf@schmeler.com','1038092265'); 






INSERT INTO PatientLogin VALUES ('abshire.ashton@example.com','nyedux'),
('adalberto85@example.org','dzinio'),
('adonis.pfeffer@example.net','kbdlxj'),
('alden06@example.net','dmcbcn'),
('alena.hettinger@example.org','miulat'),
('alene.connelly@example.net','lsknuj'),
('arely56@example.org','flpjth'),
('ashleigh.bogisich@example.org','kdnlzt'),
('beahan.vena@example.org','lavxru'),
('bednar.blair@example.org','sxjtbj'),
('bergstrom.amalia@example.net','xbdsmr'),
('bert.jacobson@example.com','gvqukn'),
('born@example.net','kzvllx'),
('bskiles@example.com','dtyncy'),
('camille89@example.org','azigxk'),
('candido58@example.com','jeiqsj'),
('carey20@example.com','fclmjl'),
('christop64@example.net','psliep'),
('cmccullough@example.com','uiryxk'),
('connelly.fermin@example.net','bailum'),
('considine.kendrick@example.org','ynguat'),
('cormier.kenna@example.org','lbdfdl'),
('cpredovic@example.net','ymetbl'),
('cruz.wyman@example.com','qwhdny'),
('dan33@example.net','fqcdpa'),
('dconn@example.org','escvtx'),
('delta.koch@example.com','luusui'),
('denis.schowalter@example.org','wutcwx'),
('dina.gleichner@example.com','bscpuj'),
('dooley.leopold@example.org','ywvlja'),
('eeichmann@example.net','ccsfxs'),
('elissa.harris@example.net','rtxtqr'),
('evan.stark@example.com','otztny'),
('feeney.kaylah@example.net','vpazjo'),
('forest.schinner@example.com','iigqlv'),
('francisco45@example.org','wfjdlm'),
('graham.clementina@example.org','sbjltl'),
('graham.samanta@example.com','ahmwba'),
('haag.isidro@example.com','fdtbtp'),
('harrison37@example.com','ytomjl'),
('harvey.william@example.net','ompzfz'),
('hbednar@example.net','qoeyuu'),
('heathcote.benjamin@example.org','zegvkg'),
('hkreiger@example.net','bwownw'),
('howard.jacobs@example.org','tlpycy'),
('jcarter@example.net','zvbrem'),
('jonatan.rippin@example.org','piohps'),
('julio01@example.org','lwtrjv'),
('kaltenwerth@example.net','tkwzqg'),
('karen.mcglynn@example.org','domngi'),
('kayla66@example.org','iyzntd'),
('kerluke.antoinette@example.org','dknwlr'),
('kertzmann.derick@example.com','wyschw'),
('kuphal.donny@example.com','ijwbws'),
('kyra24@example.org','jtprzw'),
('lakin.chelsea@example.net','qsqpbu'),
('langosh.fredy@example.net','gvwxrh'),
('leone18@example.org','iznsre'),
('leonie.effertz@example.com','tygkts'),
('loy39@example.net','vgsvan'),
('lucile.prohaska@example.org','tiytmq'),
('lupe47@example.net','tsunfz'),
('mayert.roberta@example.net','seesdk'),
('mdibbert@example.org','bbvlrq'),
('mjast@example.org','rahauj'),
('mohammed.stoltenberg@example.org','azowvq'),
('morissette.annamarie@example.org','uoraie'),
('murray46@example.com','lpigyk'),
('ndoyle@example.org','vgkdcy'),
('nmayert@example.net','typjkb'),
('npollich@example.com','odjeon'),
('nyost@example.com','qgjtpb'),
('oberbrunner.leonardo@example.com','dalzqf'),
('piper.west@example.org','cespaz'),
('quigley.sheridan@example.org','bfkgfp'),
('rebecca.morar@example.net','gdipys'),
('reuben17@example.net','derlrn'),
('rex.welch@example.net','jtdkpe'),
('rfranecki@example.org','nkcsoq'),
('rosenbaum.lavinia@example.com','ghtjbe'),
('rreilly@example.net','jidmjr'),
('salvatore.turner@example.com','rsynwh'),
('sschimmel@example.net','hmdwiu'),
('stefanie.conroy@example.com','tfledf'),
('stehr.chanel@example.org','zgdvca'),
('thea45@example.com','extedv'),
('thompson.earnest@example.com','xbrgoa'),
('turner.rose@example.net','bavrtw'),
('vallie83@example.org','wiuntj'),
('warren23@example.com','dcovot'),
('wgutkowski@example.com','ngsytd'),
('wiza.vickie@example.org','ydeplu'),
('wlynch@example.net','ezlfjj'),
('wuckert.abbigail@example.com','obndpo'),
('xrunolfsdottir@example.com','kmzgbl'),
('zaria51@example.org','lngghx'),
('zbeier@example.org','jsreon'),
('zfarrell@example.org','uipzxc'),
('zoie86@example.org','ujsvqd'),
('zzboncak@example.com','hclslj'); 






INSERT INTO DoctorLogin VALUES ('alejandra.powlowski@example.org','rfyueu'),
('aliza90@example.net','mcurub'),
('amie07@example.net','wfdsau'),
('araceli.graham@example.com','daxzqf'),
('avis70@example.org','hwkgdy'),
('bauch.eldred@example.com','yfekmy'),
('berenice95@example.net','gjewzw'),
('boyle.emerson@example.net','upgpzw'),
('braden85@example.net','fmrgdf'),
('brakus.damien@example.org','suhvai'),
('brandt31@example.org','ofrwsp'),
('brock75@example.org','tbcjde'),
('burnice.bergnaum@example.org','lnpuld'),
('cameron.kozey@example.com','atesik'),
('cbradtke@example.net','gedpuw'),
('charles33@example.net','iseskz'),
('collins.talia@example.net','kjrofp'),
('dagmar.ratke@example.org','vhrgax'),
('danial01@example.net','qwluvc'),
('deanna.rolfson@example.com','ypcghn'),
('dkris@example.org','fgxxoz'),
('dnicolas@example.net','gotrxt'),
('dorn@example.net','vwujrg'),
('dpredovic@example.com','zgquaj'),
('elaina.schuster@example.com','znrjro'),
('eleonore43@example.net','mynwwn'),
('ellie.ankunding@example.net','goewok'),
('estrosin@example.org','cksxjy'),
('everett.lubowitz@example.org','ziztnc'),
('fay.jevon@example.org','pfamrc'),
('felicity.legros@example.com','gywlva'),
('freda37@example.com','lzzwrm'),
('frederic15@example.net','bugypg'),
('friesen.alysha@example.net','vordpr'),
('gage.boehm@example.org','qbojou'),
('gilbert.stehr@example.net','ltdyou'),
('glenna34@example.net','dyzatk'),
('grayce.nikolaus@example.org','vgmkdt'),
('gulgowski.rosella@example.org','weccdq'),
('gutmann.stephan@example.com','zyiqjh'),
('haag.sallie@example.org','scbojw'),
('hank96@example.net','xahszu'),
('hazle.gulgowski@example.net','stiaoi'),
('hegmann.jadyn@example.com','hjmahj'),
('howe.mireya@example.net','scrchl'),
('ijakubowski@example.com','ganpqw'),
('jaden16@example.com','usxhnn'),
('jamaal78@example.org','uhoutu'),
('jasmin68@example.com','vknqhu'),
('jessie58@example.com','cafbsc'),
('jkunze@example.net','qqxobl'),
('jstanton@example.com','uvbevj'),
('juanita33@example.net','zsbnbq'),
('julien40@example.net','klcdtt'),
('kayley.heller@example.net','ocskll'),
('keira.balistreri@example.net','luwqou'),
('kertzmann.agustin@example.net','kadppi'),
('kiel81@example.org','gkdaxo'),
('kjaskolski@example.org','dbonie'),
('kkunze@example.org','munxbq'),
('kub.omari@example.net','qcfxvb'),
('laney07@example.com','fmemkd'),
('lilla13@example.net','icbati'),
('littel.alejandrin@example.net','ymwqlt'),
('lkozey@example.com','kjymlp'),
('lmcclure@example.net','ttvhso'),
('lo\'kon@example.net','kkhnyd'),
('mackenzie.halvorson@example.net','mzmexj'),
('magdalen.konopelski@example.net','osbids'),
('marilyne69@example.com','jyxrsa'),
('nash88@example.com','ksgerk'),
('nernser@example.net','yqesdi'),
('nhintz@example.com','kotjcr'),
('no\'kon@example.net','tgddlm'),
('pablo.brekke@example.com','dvwxbr'),
('reynolds.king@example.com','bdvrjp'),
('rickey75@example.net','ggmquf'),
('roel01@example.net','uledgy'),
('roob.juana@example.net','ffhuif'),
('rosamond13@example.org','qtzcho'),
('rylan.vandervort@example.com','uwjsbr'),
('salvador.cruickshank@example.com','jflrlq'),
('shanahan.monique@example.org','pcozcn'),
('skylar81@example.net','gdjeab'),
('sylvia52@example.net','exkccj'),
('tyrique.muller@example.org','olaiqg'),
('uconsidine@example.com','dcfmtf'),
('urosenbaum@example.net','aolygh'),
('usmith@example.org','xkdlbi'),
('wconroy@example.net','wfvaxq'),
('wendell63@example.net','mhrlql'),
('windler.heloise@example.net','lcawgm'),
('winnifred84@example.net','kojetr'),
('wintheiser.dana@example.com','wcpprg'),
('wolff.nico@example.org','lxkcdm'),
('xcrona@example.net','ypembc'),
('yasmeen01@example.net','ryarpv'),
('zemlak.audra@example.org','umxfsk'),
('zlemke@example.net','rmlggf'),
('zswift@example.org','hubpqs'); 






INSERT INTO LabLogin VALUES ('aconnelly@mueller.org','sgyitq'),
('aileen.pacocha@watsicabailey.com','xnuici'),
('alexandrea.schmeler@gorczany.com','mwlgkz'),
('alfonso.wiza@rogahn.org','ayycyz'),
('amelia35@bruen.org','lphxga'),
('anne59@rolfsonlowe.biz','dxmflr'),
('annie.skiles@larson.com','hsugej'),
('antonio.price@rosenbaum.com','rjqppe'),
('arutherford@morar.com','lqogpi'),
('barbara.becker@dach.com','cdcika'),
('barry.mertz@mccullough.com','chcnpd'),
('bbosco@dietrichmuller.com','lbaiao'),
('berneice10@kohler.com','pwoaxj'),
('boehm.lester@sanfordreilly.com','avnosg'),
('cathy.dickens@waelchi.org','nibjik'),
('ccartwright@hartmannstiedemann.com','fpskzo'),
('citlalli.halvorson@erdman.net','xstrue'),
('coralie.quitzon@wolffschamberger.com','nbvadz'),
('crawford.bode@ferryondricka.com','tohmla'),
('cwaters@hermiston.net','xaqbhn'),
('delta74@gradyframi.com','wpmgad'),
('do\'hara@hoeger.com','qefgpo'),
('dreichert@kemmergrimes.net','zlsjkw'),
('emelie38@heaney.com','burnus'),
('emmanuel.weissnat@parker.com','ouljld'),
('ethyl57@rathmorar.com','duyxvn'),
('eugenia45@raynor.com','netwew'),
('fay.tyson@franecki.com','ajpavq'),
('finn36@mosciski.com','tdaess'),
('foster72@shields.net','rzngkx'),
('gdonnelly@collierbarton.com','nyoixc'),
('giles.anderson@donnelly.com','jeuvii'),
('gmueller@schimmel.net','vggfnx'),
('greenfelder.kennith@gerholdhirthe.com','goblbh'),
('gunnar.pouros@emard.com','wedewt'),
('gunnar.schumm@wymanbogan.info','lzxnkf'),
('hauck.jeremy@haley.com','idvqtd'),
('henry.hilpert@jaskolski.com','ilcrbh'),
('hilll.stanley@kuhicschulist.com','meubdv'),
('issac.shanahan@ritchiegleichner.com','fuzmgr'),
('jabari.langworth@cronaschultz.com','kceabm'),
('jacinto84@hintz.com','ysjyxp'),
('jakayla.pfeffer@bayer.biz','iygruj'),
('jarred.heidenreich@gusikowski.com','gkdjqu'),
('jermain62@lakin.info','kxusqm'),
('john.white@beattyweber.com','dmtkfq'),
('johnnie92@carter.com','nblibw'),
('jsipes@ziemannherman.info','ejpizu'),
('jules53@moore.com','ionujx'),
('kasandra.toy@auer.biz','cyidsb'),
('kbaumbach@waters.com','uwqseu'),
('lconnelly@brekkejacobs.com','aobksp'),
('leanna.conroy@gutkowskihermiston.com','vcgkzw'),
('legros.will@quitzon.com','hdfnpz'),
('libbie27@runolfsdottir.com','gwiisp'),
('lindgren.mac@walshcole.biz','mdbeqp'),
('lou.nicolas@mitchell.com','vyhlct'),
('lowe.cade@willmsgusikowski.com','qoabvq'),
('madyson.borer@hackettcronin.net','btczxe'),
('mafalda46@moorefunk.com','bpqahn'),
('maggio.jayden@gerlach.info','sflsup'),
('margaretta.powlowski@jacobi.com','athtdo'),
('maribel.dooley@colebartoletti.com','ydoabz'),
('maxime.torp@volkmanflatley.com','aejwqu'),
('miller.fadel@price.com','pgyjez'),
('mittie.gulgowski@williamson.com','zbixmk'),
('nbailey@hilpert.org','cehyru'),
('noble.streich@homenick.org','yblfez'),
('nolan.vilma@schmelerlegros.info','dptruy'),
('oparker@rodriguezbarton.net','skigtn'),
('otis.veum@von.com','bbarzq'),
('oullrich@leuschkebeahan.com','qfxbqa'),
('pdubuque@mann.net','xqsptx'),
('polly.jones@kutch.org','cengpi'),
('quinten.friesen@schultz.com','ganadc'),
('quinten.o\'connell@collins.com','vvravv'),
('quitzon.zachariah@bradtke.net','qlmgfb'),
('ralph.kilback@faheystark.com','xlmoup'),
('rowland.heathcote@brekke.com','iikokk'),
('sauer.michael@smitham.com','fcpvfe'),
('schroeder.devyn@jerde.com','gcilry'),
('susan82@hamill.biz','otodmu'),
('tabitha44@wilkinson.com','opfsdc'),
('tommie96@little.com','dhunay'),
('tyrique12@rueckersanford.com','czvajo'),
('umoen@predoviccrooks.com','kbpdoj'),
('usmith@schaefer.org','xeydgx'),
('vanessa59@bins.biz','oynqvq'),
('vladimir.dickinson@luettgen.info','tixewd'),
('waelchi.theron@wisozk.com','xymfjj'),
('wanda.borer@hauck.com','knvjyd'),
('waters.kennith@blanda.net','yeatfc'),
('weimann.eulalia@runolfsson.com','vcvxic'),
('wiegand.roger@luettgen.com','ympmco'),
('xankunding@rueckerchristiansen.com','tjzylg'),
('xgislason@predovic.com','whcseb'),
('xmclaughlin@harris.com','uhshnr'),
('ydenesik@nienow.com','plbgjs'),
('yshanahan@blickschmidt.info','sgbqfg'),
('zoila60@bayer.biz','hndsxn'); 






INSERT INTO PharmacyLogin VALUES ('arielle80@gerlachhirthe.com','wdtwma'),
('bahringer.geoffrey@kemmer.com','jwrtic'),
('bashirian.irwin@dooleypouros.com','zfxfwp'),
('bauch.nikita@fahey.com','mwnevt'),
('baumbach.estevan@wolff.com','sluzvr'),
('bherman@ritchie.com','bjrdbf'),
('bpagac@jenkinsdickens.info','nipqkk'),
('bradford.erdman@torpbartell.com','eszcda'),
('brady55@bodeschroeder.net','ldlmth'),
('brett83@konopelskibartell.com','hiuhbd'),
('bria15@harbertremblay.net','xaamvc'),
('clemmie62@beier.info','zrcfal'),
('cleora.d\'amore@dubuque.info','vfesmp'),
('colby.gottlieb@lindgren.com','alctpz'),
('conn.april@haaghettinger.com','jmmtkq'),
('corrine09@durgan.net','llmjjm'),
('crist.christop@hoppe.com','alrlej'),
('cydney.zulauf@schmeler.com','xgoxlk'),
('danyka.harber@gulgowski.com','dajopc'),
('demarco.okuneva@denesikhaley.com','hqoajk'),
('dernser@bernier.com','aahcxm'),
('destin.hammes@will.com','nfodpi'),
('dustin.feil@hartmann.biz','bniqmr'),
('ebuckridge@morissettedare.biz','yvanxt'),
('elena77@howellmarquardt.com','dunblh'),
('eliezer.mitchell@bartolettiledner.com','ndkakn'),
('elisha49@keelinghalvorson.com','jmfnrx'),
('elmore09@tromp.com','wmtxvd'),
('elouise.treutel@champlin.net','blwevr'),
('evangeline00@schuster.info','oxsbim'),
('fgoodwin@mcdermott.com','aevmun'),
('fidel03@schaden.biz','zlfjbh'),
('gabriella95@trantow.org','qdolhp'),
('gfranecki@grant.com','npwovt'),
('grant.ruthie@walsh.com','qiikfq'),
('gretchen.considine@bergstrom.com','benqmc'),
('grover09@willhauck.info','ghzmkj'),
('guy01@wintheiser.com','yqpfis'),
('hahn.taurean@sipeshilll.net','ufozsm'),
('hauck.jaquan@hegmannkertzmann.com','xkfrxn'),
('heaven.christiansen@towne.com','dglrqx'),
('hertha44@hegmanngreenholt.com','uyhtlh'),
('herzog.justen@lynchmccullough.biz','ezvuwn'),
('hettie86@okonbeer.com','byznww'),
('hintz.saul@howellupton.biz','ifrltn'),
('hirthe.kristopher@jonessteuber.com','lpprxh'),
('hodkiewicz.pearlie@luettgen.com','plmeem'),
('hschaden@beatty.info','chipbt'),
('iwest@goldner.com','wzvefi'),
('jacey.kemmer@russel.net','rbxxov'),
('jast.braxton@leffler.net','ymehpw'),
('jcrooks@ortiz.com','fszpbs'),
('justina.koch@stokesrau.com','egwoao'),
('katrine.wilkinson@gutmannbartoletti.com','toytxb'),
('kiara.jakubowski@armstrong.org','skfzju'),
('king.cortney@hartmann.com','yydhuv'),
('krista.blick@wardquitzon.net','ijwzhm'),
('lakin.justina@huelhyatt.com','jlhyqs'),
('lia16@bernier.info','ktdrwi'),
('lind.wilson@hahnrodriguez.com','gkjjvf'),
('lorenzo.upton@boyle.org','eechoc'),
('lyda.towne@crist.info','zdkpfd'),
('mac.cummerata@swaniawski.com','ovjwti'),
('mckayla.mcglynn@pagackuhn.com','gvccqz'),
('melvin89@nikolausgusikowski.com','qrphvw'),
('nels94@leannonquigley.com','bxkact'),
('nichole42@ankundingolson.biz','msjrqv'),
('nkoelpin@dubuque.com','onsarp'),
('nleannon@gulgowski.com','snokjs'),
('no\'conner@okuneva.com','wehbrb'),
('nwindler@lockmanmiller.com','avfpdt'),
('oleta.heathcote@bogan.com','lylxsu'),
('porter72@reichert.com','muikvn'),
('qgreen@sipes.com','yiceud'),
('qhansen@schmitt.com','ndbxqx'),
('qrice@runteroob.net','ajsoeq'),
('qwindler@johns.com','xlsprt'),
('rhoppe@huels.info','fsczou'),
('robel.matilda@conroy.net','nqhjcc'),
('roob.ariane@hamillwisoky.info','wgpwwe'),
('runte.evan@runte.com','pdpjcg'),
('ruthe57@rohan.com','bohpky'),
('scarlett.bruen@lehner.com','vfozts'),
('selina.harris@wiza.net','lpsmts'),
('senger.myah@funk.info','tnqhlg'),
('stacy.powlowski@wiza.org','dlmvrp'),
('stanton.nigel@powlowski.biz','nhkkhr'),
('steuber.jammie@champlin.com','esqzrh'),
('steuber.lamont@konopelskischaden.com','rnruhq'),
('tcummerata@ziemestroman.info','kdtpxj'),
('tom.nolan@hilll.info','hwaskw'),
('tomasa.robel@oreilly.com','vkrcrs'),
('trantow.cristal@satterfield.com','izfema'),
('tspencer@lang.info','tijhry'),
('tyrell64@koss.info','qnadmt'),
('uosinski@andersonemard.com','zqutsm'),
('walker.brain@smith.com','xyhucm'),
('waters.boris@jast.org','nhvale'),
('wunsch.leanna@lesch.com','lmdpnx'),
('xhomenick@ortiz.info','pirloo'); 






INSERT INTO GenPatientHistory VALUES ('001831940407','B-','Quisquam et dolor nulla laborum saepe deleniti dolores.','Doloribus architecto et ut rerum quidem minima quo voluptas qui consectetur qui.','Tempore occaecati consectetur doloribus voluptatibus sint magni quidem quidem sed quia.','Optio quos delectus ut impedit illum doloremque voluptatem.'),
('024495747369','O+','Unde nostrum omnis assumenda aut accusamus laborum.','Voluptas accusantium repellat iste ea vel voluptate dolorem dicta iure provident qui in totam.','Dolor in minima nostrum eveniet odit et dolorem qui et culpa eaque sint.','Amet sed sint sunt natus nostrum sit.'),
('035401802401','O-','Qui et sint et aperiam sed laboriosam inventore nesciunt vero velit autem.','Aut est perspiciatis ut eius eos cupiditate quasi in voluptates id sit alias.','Ut odit fugit qui voluptatem ut ut.','Omnis reiciendis repellat aut ad aut voluptatem quis suscipit accusamus.'),
('040625987046','A-','Illo quia molestiae eum ipsam dolore ipsa quis sit voluptas ducimus placeat temporibus ea repellendu','Perferendis aut et est est vitae recusandae.','Repellendus saepe accusamus ea qui corrupti enim provident.','Aut dolorum quibusdam rem omnis vel vero culpa.'),
('047698736375','AB','At consequatur sint quo quisquam cupiditate magnam.','Laborum eum sed ex iure aut molestiae ipsa saepe.','Dolore provident est sit reiciendis ut ullam deserunt voluptatibus perspiciatis vero autem.','Commodi maiores eius aperiam sit necessitatibus incidunt minima odio nobis quis.'),
('064619065237','A+','Et maiores officia reiciendis velit delectus quam enim quisquam.','Illum illo laborum eius nesciunt voluptate eveniet voluptatem ad est eum laboriosam eius.','Voluptatem blanditiis veniam qui sit minus ipsa earum hic saepe ut doloremque.','Illo hic autem natus quisquam officia fuga aut.'),
('070449022298','B+','Dolorem labore minus quia nihil vero et sit voluptas tenetur.','Tempore magnam facilis quia incidunt sunt facere aut eum sequi est voluptas omnis.','Velit iure unde eveniet enim asperiores error recusandae magnam id qui voluptas nam.','Facere soluta sint sed non distinctio sed quibusdam expedita ea facere illo.'),
('078562564725','O-','Et assumenda voluptas autem odit quia et quia praesentium tempore.','Est officiis dolorem laboriosam sequi quisquam et molestiae ut molestiae velit adipisci aut dolor.','Soluta dolorem qui voluptas incidunt nulla illo veniam mollitia illum tempore praesentium.','Iusto et sint tempore repellat et a.'),
('086066682872','AB','Temporibus laudantium sed blanditiis aut modi voluptatibus quis accusantium voluptates.','Animi enim et nam aut fuga aut enim quos recusandae ut consequatur laudantium.','Voluptatem nam laboriosam inventore iusto qui voluptatem est cupiditate aut recusandae voluptatibus.','Illo sint id maxime vitae reiciendis ut nihil vel et a.'),
('095231180131','A+','Et et atque vel est expedita magnam.','Atque impedit quia repudiandae ut qui delectus et eum quia aperiam voluptate unde.','Recusandae maxime autem voluptatem autem et non aspernatur impedit ad velit voluptatem.','Quia accusamus qui magnam ut quas at quasi et consequatur optio iste a incidunt.'),
('101106120026','AB','Eius ut ea perferendis iste et tenetur modi doloribus autem recusandae iste possimus.','Neque fugit fuga rerum autem ea reiciendis ut consequatur est temporibus.','In eos unde et maxime aperiam eos voluptate et voluptatem ut et.','Non molestias nemo asperiores corrupti quam facilis est porro sunt alias.'),
('106405308058','A+','Sint illum veniam enim aspernatur aliquid consectetur et et est autem atque distinctio.','Et eveniet illum quibusdam excepturi nesciunt dolor similique ut repellendus odio doloremque sit vol','Minus quo cupiditate rem reiciendis porro repellendus enim quia.','Qui quisquam recusandae eum inventore quo magnam provident vel nam labore earum quae.'),
('112592304075','AB','Praesentium omnis adipisci natus nesciunt ex et accusamus.','Odit dolorem nihil nihil voluptas quod pariatur voluptatem facilis ullam ducimus ipsa dolores conseq','Similique expedita sequi iusto aut dolores facere et a et officiis commodi ut molestiae.','Ipsa aspernatur illo consequuntur dolores officia doloribus dolorem qui.'),
('113194825953','A+','Minus error id consectetur harum aut voluptates iure magnam adipisci quisquam.','Enim eaque esse a sit qui et ullam tempora animi quasi.','Repudiandae quia veritatis voluptatem et earum totam deleniti quo ipsam deserunt incidunt corrupti.','Atque amet nobis illo aut officia rerum iusto quidem voluptas ullam tempore ea odio aut.'),
('126505741189','B+','Pariatur numquam debitis qui neque ad recusandae aperiam rerum sed sed esse repellendus.','Illum eligendi incidunt odit porro quisquam ullam ab veniam libero aut.','Dicta aliquid voluptatibus ut quisquam culpa quaerat ut reprehenderit omnis omnis rerum.','Iure enim eius aspernatur eos incidunt illo alias est enim occaecati.'),
('128470619118','B+','Ex blanditiis totam facilis aliquid minus modi aliquid quis labore sunt.','Aut odio sint et numquam vero culpa vel qui sit minima deserunt perferendis culpa.','Et dolores animi ea fugit reiciendis earum sunt beatae non consequatur a fugiat.','Voluptatum eos hic libero sapiente iste sed est fugiat est dolorem.'),
('155362132722','A+','Voluptatem debitis atque fugit vitae dolorum necessitatibus nihil sit ipsum facere dolore ut.','Porro laboriosam aut amet reiciendis ipsam ut fugiat ut.','Harum et officia ipsum natus facere excepturi ea et.','Vero reprehenderit quasi officia fuga libero sit expedita fugiat tempora velit odit.'),
('155615106751','O-','Autem est non qui amet mollitia sit est nisi recusandae qui optio quidem aut.','Laudantium aut numquam praesentium sint libero laudantium.','Accusamus expedita qui consequatur mollitia porro iste magni officia quo facere vitae quia est.','Aut cupiditate at aut enim voluptate eum saepe in ad.'),
('163817056900','B+','Placeat incidunt voluptatibus quo ut est quas autem cum.','Unde dicta nam vel perspiciatis laudantium aut ut molestias cum velit excepturi eum nihil.','Quidem ut vel earum aspernatur aspernatur beatae nostrum molestiae quod et.','Vel veritatis omnis eligendi autem quos quia maxime commodi officiis enim aut nam dolorem.'),
('174561839813','AB','Ut quibusdam et repellendus autem fugiat possimus hic quia alias molestiae rerum ea soluta.','Facilis fuga natus qui ut culpa voluptas ut.','Qui a veniam temporibus sequi ut nisi.','Sunt vero beatae deserunt quisquam molestiae voluptatum.'),
('182170887578','O-','Dicta quas culpa ab cum natus magni ut rerum cum.','Autem sit id recusandae porro quia quas eum ullam illum voluptatem.','Qui omnis unde et perspiciatis nihil qui.','Aut laudantium quia dolorem est incidunt natus eos laborum rerum voluptatem voluptatem esse vero.'),
('182695511649','O+','Exercitationem sed sint consequatur vel sit delectus voluptates.','Voluptas rerum aut dolor itaque sit qui unde ut dolor voluptas aut architecto mollitia.','Dignissimos provident tempore et vel et quo aliquid sapiente quia.','Eum est est non quis repudiandae ea porro aut aut ut autem esse in.'),
('192864798254','AB','Nisi saepe sit et ex recusandae reiciendis enim.','Dicta enim eum a asperiores amet in dolor placeat optio.','Et quo quia consequatur delectus soluta autem corrupti recusandae rerum praesentium.','Pariatur quidem nesciunt autem repellat vel in iure ipsa voluptatibus consequatur nesciunt blanditii'),
('197831865479','B+','Ullam dolores soluta aut a consequatur eligendi.','Perferendis et deleniti consequatur similique a cupiditate incidunt iure aliquam et consectetur simi','Quam placeat sint est et harum nihil.','Sit nesciunt dignissimos incidunt repellendus inventore rerum cupiditate ea est rerum dolor.'),
('214462377286','A+','Et qui doloribus et ducimus saepe laborum autem molestiae sunt sint mollitia.','Asperiores consequatur commodi nesciunt quo dolorum assumenda voluptatibus ut et molestiae.','Aperiam est sed quo aut necessitatibus est enim consequatur dolores iste ut.','Ipsam deserunt dolorem nisi eius debitis voluptates veniam recusandae.'),
('243416026582','A-','Et magni sit et cupiditate consequatur perferendis nisi totam quia delectus.','Iusto debitis perferendis est aut facilis necessitatibus hic eius eius consequatur.','Eius natus non sunt a animi necessitatibus fuga enim quasi.','Vel mollitia ea consequatur sit et harum deleniti ut excepturi quas.'),
('259657274861','AB','Dicta vel et dicta alias ut temporibus vero vero id eligendi qui aut.','Commodi beatae placeat officiis quo iusto eos voluptatem soluta beatae sapiente quisquam.','Voluptatibus consectetur aperiam repellendus reprehenderit maiores distinctio.','Rerum itaque voluptate eius officia minus velit et iure iste aspernatur deserunt quis quod.'),
('269527525204','B-','Molestiae sapiente molestiae iure tenetur in culpa officia laudantium quia velit eos aspernatur aut.','Iste eum eius pariatur qui et sed.','Non at animi nam sit dolorum unde quis hic et culpa et impedit aut qui.','Et et facere dolore sint quam et et eaque dolor et rerum porro vero.'),
('269881907899','AB','Molestias sed repellendus doloremque distinctio at commodi doloribus et ad aliquid.','Corrupti ratione qui sunt quas nobis itaque voluptatum rerum.','Perspiciatis dolores sit aut exercitationem cumque molestiae sint autem error incidunt.','Vel aut quidem inventore ut velit eveniet.'),
('282555462207','AB','Et soluta aut non et suscipit architecto dolore explicabo harum ex vel corporis tempora.','Eum repellendus sapiente totam qui illo et ut sed omnis delectus.','Reprehenderit atque ipsam neque veniam assumenda architecto quo ut fuga.','Deleniti accusamus iusto fugit quos sit culpa.'),
('282909545453','A+','Recusandae dolor nisi sint asperiores consequuntur at consequatur sit quis tempore laboriosam in.','Omnis eligendi aut numquam natus corporis mollitia ea.','Eligendi itaque rerum laborum iste voluptatem ut molestiae optio possimus ad omnis.','Qui eos et dolor nemo praesentium quaerat assumenda.'),
('291811727253','B+','Explicabo necessitatibus ipsam eum quam odit voluptas voluptatibus velit ex.','Voluptatem error harum sunt doloremque est sint ipsum repellendus perspiciatis.','Facere qui provident reprehenderit qui perspiciatis sint cupiditate in quos animi dolore.','Nisi amet omnis consequatur id ut unde qui quis sequi sit asperiores eos.'),
('300294172089','A+','In vel vel aliquid quibusdam autem est aut quidem quis labore quis.','Officiis ea repellendus aut dolorem qui sint eos eius eos eum provident corporis.','Eos officia voluptatibus officia minima aut quae.','Sint aut sunt est magni quidem doloremque aut perferendis quidem qui magnam.'),
('300657907839','A+','Et similique voluptas expedita quo fuga ea ipsum dolor vitae ipsam adipisci.','Similique fugit magni molestias fuga laborum repellendus inventore.','Possimus nihil enim ad aspernatur sequi alias reprehenderit ad et rerum beatae aut.','Voluptates rerum a molestias et itaque numquam.'),
('300762076343','AB','Ipsam impedit libero quae tempore velit iusto est alias nam error voluptate itaque.','Deserunt distinctio quia voluptatibus reiciendis accusantium distinctio animi non et optio ut optio ','Ut voluptas amet modi perferendis quod a dolorum sit sit ad rerum.','Similique qui minima nihil nisi odio voluptatem dicta et facilis eligendi necessitatibus soluta et.'),
('318711786889','AB','Itaque velit dolor ut ut illo quia rerum veniam sunt incidunt laborum qui iste.','Dolor consequuntur ex voluptas odio occaecati quas nisi consequatur dolores.','Fuga maiores ut quo ad et distinctio ut blanditiis qui vel quod ea molestiae.','Qui aspernatur beatae similique hic vitae voluptate error recusandae architecto dignissimos impedit '),
('328665060619','B+','Ut sed et libero minima asperiores molestiae.','Dolorem eligendi exercitationem qui ab dolorem natus.','At facilis saepe ex ipsam beatae et nihil sint id nam inventore magnam voluptas.','Atque voluptatum est dolor assumenda id nemo laudantium repellendus.'),
('386831276723','AB','Ab ullam sint voluptatibus culpa quisquam debitis dolorem.','Perferendis possimus deserunt aut amet nihil nemo sint ipsum aperiam incidunt quibusdam et.','Rem fugiat fuga soluta aut et recusandae.','Eos sed reiciendis aut iure nihil qui id nemo ullam sit.'),
('390716936353','O+','Est voluptatem eius occaecati enim deserunt distinctio.','Eum dolorem culpa ut natus voluptas inventore a natus.','Omnis enim unde nulla reprehenderit et enim sunt consequatur quo.','Numquam voluptas culpa sunt dolorem sunt nulla debitis nostrum dolorem.'),
('401413383222','AB','Atque est vero deleniti rerum tempora possimus voluptas et recusandae fugiat aut natus.','Aperiam qui est doloremque dolores nemo nostrum minus hic aut reprehenderit omnis ad.','Tempora aut aperiam et architecto alias cum officiis facilis odio.','Quo et labore autem minus officia et aut ratione tempore consequuntur optio et.'),
('409263381101','O-','At consequatur eos rerum vel quae eos est rerum itaque sit molestiae fuga.','Repudiandae aut earum consequuntur et et laborum id ut suscipit.','Fugiat quia qui recusandae corrupti quia sint.','Eos rerum enim corporis ducimus voluptatem et molestias asperiores.'),
('412962612033','B-','Molestiae provident fugiat inventore minima aspernatur aut.','Ea nisi omnis et quis sit velit cum nemo voluptatibus pariatur aut dolores vel.','Non est rem aperiam distinctio sequi velit molestiae error eos inventore sint vitae aliquid.','Ullam odio excepturi debitis quas dolores iure aliquid.'),
('422152525378','A+','Deserunt est quis tempore officia aliquid quia eum praesentium doloribus quasi consequuntur necessit','Unde id quam aliquid autem dolores in praesentium harum voluptatem est ut sunt.','Officia iste id non sit tempora ea fugiat dolor.','Ea voluptatem optio et dolorem fugit natus consequatur mollitia aut sit dolorem.'),
('424018420554','B-','Nostrum voluptatem nemo repellendus nesciunt fugiat ea enim.','Consectetur ab maiores unde esse eos consequuntur rerum assumenda et est autem.','Dicta laboriosam aut quidem et dicta sequi et alias non incidunt et quod nesciunt.','Ipsam sed minima quos aut rerum animi.'),
('440970885719','B-','Minima voluptatibus est consequuntur rerum omnis nulla dicta.','Eos aut ut ut repellendus at laboriosam.','Praesentium rerum officia reprehenderit quo ipsa expedita aut quis non et quo.','A doloremque similique quasi officiis autem ut tempora.'),
('441464648348','A+','Excepturi quia ipsa quia minima maxime temporibus ratione aut omnis sunt voluptatem.','Esse repellat laudantium natus a et similique omnis id quia consectetur veniam sit.','Dolor maiores voluptate doloremque ut cum fugiat eligendi laboriosam.','Corrupti perferendis iusto molestias porro harum saepe officiis ducimus est hic.'),
('450279965897','A-','Alias aspernatur eius reprehenderit ratione aut rerum et.','Ipsum sint est aut facere dolor ipsum repellat.','Quia velit perferendis reprehenderit sapiente quia distinctio.','Autem sequi rerum voluptate est tenetur sed totam nemo et enim.'),
('454323483605','AB','Harum eos consequatur adipisci est eos explicabo nisi neque ea aut.','Quas voluptatem et iure numquam vel sit a dolorum aspernatur ad.','Ut illo nesciunt et iure sit sunt ea delectus eaque eveniet.','Recusandae accusantium in sequi quo suscipit numquam.'),
('484508957726','A+','Est consectetur debitis dicta exercitationem aut voluptates blanditiis perspiciatis vel nesciunt ame','Voluptas porro est maxime quaerat enim in vero.','Vero magnam dignissimos quis veritatis at totam omnis voluptatem exercitationem et facilis.','Autem quasi animi aut accusamus odit ex qui aliquam laborum impedit sequi eius dolor ut.'),
('486902475164','O-','Est ad aliquid pariatur non id ut odio necessitatibus omnis quia modi.','Rerum qui qui blanditiis voluptatem ullam rerum dicta excepturi.','Veritatis et corrupti alias vel harum aspernatur temporibus modi dignissimos.','Dolores quia assumenda qui ut recusandae officia sit officia voluptatem ipsa laboriosam veritatis.'),
('501121745560','A-','Odio adipisci rerum aspernatur consequatur accusamus eum molestiae.','Ipsa quisquam et voluptas molestias ut velit.','Quos est nesciunt eius ut accusamus voluptatem.','Nobis eum repellendus laudantium possimus cupiditate molestiae.'),
('508845290707','B-','Eum perferendis qui quam nulla quibusdam quis animi et quidem.','Eum quo adipisci ratione est quos voluptas consequuntur commodi sed eius.','Et optio magnam recusandae expedita omnis delectus.','Temporibus enim saepe autem voluptatem voluptas alias distinctio dolores voluptas vel.'),
('527144899184','AB','Optio nesciunt vero necessitatibus numquam dolore ad omnis voluptatem dolorum sed rerum dolorem.','Unde voluptate assumenda est saepe pariatur qui atque.','Tempore molestiae id quis quod officia provident sint corrupti.','Nostrum soluta ipsam odit voluptas est itaque impedit officiis culpa architecto.'),
('551520065345','B+','Ratione delectus omnis et magnam ab a reiciendis esse veritatis aspernatur pariatur.','Tempore aut consequatur quis eos similique pariatur sunt eos et et dolor doloremque.','Numquam qui omnis esse repellat laborum vel.','Eum neque vitae ut ullam consectetur libero repellat earum omnis nihil mollitia nam sunt.'),
('552934373282','A-','Et adipisci aut maxime eius quis totam repudiandae et quisquam ipsa dolor est.','Esse quidem laborum occaecati ut voluptas soluta cupiditate sequi excepturi sed dicta.','Tempora quia necessitatibus sed aut officiis necessitatibus amet est.','Debitis eaque consequatur eos quis qui fugiat ut enim ut qui iste.'),
('567478570625','AB','Eveniet omnis asperiores excepturi sed dolores quas quis molestiae deleniti voluptatem natus.','Quisquam aut consequatur voluptatem consequuntur exercitationem suscipit quisquam possimus.','Quasi aut esse omnis voluptatibus illo qui.','Voluptas debitis vel harum qui voluptas reprehenderit.'),
('572655903607','AB','Id aspernatur voluptatem qui ea veritatis ea.','Voluptatum asperiores sed qui eos animi asperiores hic ex ducimus et.','Nisi aut accusamus ex libero eveniet repellat sunt.','Est repudiandae mollitia laboriosam quibusdam ipsum fuga voluptas repellendus asperiores laudantium '),
('580172685767','AB','Ab eius non qui at nisi temporibus non.','Ipsam eaque architecto velit reiciendis et neque qui eveniet sit eius blanditiis temporibus.','Itaque et quasi et maiores eos molestiae aut deserunt modi unde est.','Deleniti omnis praesentium repudiandae beatae sunt quae repudiandae rem fugiat autem voluptatem ut.'),
('590647087424','O+','Et voluptatum et repellat ut quia nihil voluptatem.','Esse placeat possimus eaque earum amet voluptatem quia dolorum culpa est fugiat dolorum.','Placeat amet dolor incidunt quis non optio voluptas at in consequatur.','Ut quis at temporibus et dolores nesciunt voluptatem.'),
('598273915195','A-','Quibusdam dolorum nihil quo rerum et saepe id adipisci perferendis sapiente.','Nihil harum fugiat tempore molestias ad voluptate repellat.','Assumenda enim corrupti nostrum cumque qui harum incidunt beatae autem.','Excepturi eos voluptate omnis dicta aut autem sit unde quibusdam.'),
('620775782061','O-','Rem at dolores qui neque aspernatur neque molestias dolores suscipit blanditiis soluta quis.','Ut ex consequatur ex aut sint est cumque minima eaque architecto.','Tenetur est magnam laboriosam doloremque culpa totam voluptas blanditiis aut.','Et voluptates eligendi aut consequuntur voluptatem nesciunt modi quia dolor provident vel sint vero.'),
('631675391082','A-','Et tenetur voluptate ut soluta et tempora dignissimos excepturi quam est.','Sint facere odit qui autem sunt sed qui voluptatem illo.','Laborum illo nihil et qui tempore aut rerum aut voluptatibus a modi quidem.','Totam error molestiae perspiciatis sequi maiores odio autem.'),
('632771640992','A+','Voluptatum temporibus debitis qui repellendus et sit doloremque animi inventore.','Est dolorem eos esse sint quo delectus suscipit rem dicta.','Vitae eos pariatur dicta debitis eveniet perspiciatis sit temporibus et.','Quisquam unde explicabo recusandae ut ex sit et rerum dolores veniam et earum.'),
('640270909649','B+','Mollitia adipisci rerum consequatur recusandae corrupti expedita ea enim illo nam.','Expedita nam et unde recusandae ratione est velit autem.','Dolorem fugiat sit voluptate qui quia molestiae quia consectetur velit et.','Velit est praesentium voluptatem vero dolor eligendi nulla eaque aut eaque odit eos voluptatem conse'),
('648153520071','A-','Consequatur consequatur dolores et explicabo autem dolore mollitia laudantium.','Earum consequuntur ab maiores ut tempora dolores.','Nihil sapiente minima velit molestias dolores eos assumenda dicta laudantium.','Officia a molestiae consectetur rerum molestiae labore velit nemo consectetur ipsa iusto accusamus d'),
('652214057957','AB','Odio est harum magni sed rerum ipsam sed illum.','Nostrum aut id quasi qui deserunt tenetur amet et ut.','A in qui aperiam possimus omnis labore ratione minima consequuntur.','In molestiae similique accusamus aliquid culpa voluptatem est.'),
('654035166109','AB','Velit molestiae ut officia omnis repellat laborum consequatur expedita sint.','Quod dolor cum magnam numquam asperiores commodi sunt sunt qui cum impedit.','Eos omnis nihil illo non consequatur cum.','Amet ut id laboriosam beatae et consectetur maxime quia.'),
('662094550134','AB','Minima rerum repudiandae eveniet perspiciatis error vel adipisci consequatur accusantium.','Sed eligendi doloremque est magnam commodi beatae in ipsa.','Nemo est et voluptatem dignissimos eum ut veritatis consequatur rerum autem.','Dolorum autem ut qui dolore quod quo omnis et earum et quasi.'),
('677246759140','A-','Deleniti aut sit nisi sed error facere molestias debitis aut.','Ullam labore enim aliquam vitae quia vel.','Aut laboriosam sit asperiores repellendus earum voluptatem.','Est voluptatibus qui consectetur quia vel facere repudiandae voluptatem ut asperiores ut.'),
('684627557193','AB','Voluptatem aut praesentium sit et harum est voluptatem excepturi omnis et at ut.','Sed sunt earum aspernatur voluptatum veritatis sed voluptatem.','Saepe perferendis deleniti qui molestiae soluta et tempore et numquam et dolorem.','Dicta voluptatem voluptatem ipsa sunt omnis autem.'),
('694470379212','O-','Ea consequatur et adipisci esse ad quidem perspiciatis atque totam delectus corporis quia.','Non laboriosam saepe recusandae temporibus fuga expedita odio fugit.','Voluptas dolorem in quia amet et qui rem ea autem accusamus aut corporis ex.','Quod sunt quo impedit et voluptate officia qui.'),
('695693358869','O-','Ut architecto est ut nisi quaerat architecto quaerat est illum.','Repudiandae quaerat eum necessitatibus sit corrupti possimus quia deleniti et.','Velit alias quis tempora sint et sit accusantium esse.','Ducimus aut laudantium ea laboriosam odit aut distinctio sed sapiente ea sunt.'),
('705449630282','A+','Alias fuga error sunt eos quaerat enim libero et possimus nobis.','Animi et hic perferendis quam expedita velit aut vitae esse blanditiis assumenda.','Cumque labore qui sit autem modi qui nesciunt eos sequi.','Suscipit excepturi tenetur tempora perferendis ab veniam rerum reprehenderit quidem.'),
('715908628829','AB','Iusto atque et quas itaque id delectus pariatur aliquid ea nemo quia.','Qui est earum nostrum amet soluta natus omnis nulla provident iusto fugiat praesentium totam.','Et soluta molestiae et omnis amet earum saepe.','Nisi fugiat sit amet exercitationem voluptas esse voluptatibus earum.'),
('724071063769','B+','Ipsum voluptatem ab ut perferendis alias numquam in sunt.','Fugit reiciendis maiores voluptatibus et laborum aut.','Sint ad consectetur natus magnam vel sed quasi quaerat.','Numquam expedita placeat quia facere velit aut repudiandae quia voluptates et impedit.'),
('731474567021','A+','Impedit consequuntur repellat consequatur consequatur beatae voluptatem vero cum sunt.','Facilis maiores velit ea ut eaque voluptas.','Sed ex occaecati sit velit est laboriosam eum et eligendi.','Est ipsa repudiandae alias modi dolorem facere fugit et delectus reiciendis sint perspiciatis pariat'),
('743314275946','A+','Non odit delectus sequi ducimus maiores voluptatum omnis magni culpa.','Amet autem eaque libero dicta dolor et laborum omnis distinctio alias.','Eius rerum autem rerum qui quia est suscipit.','Consequatur cum omnis omnis et voluptas et occaecati exercitationem asperiores.'),
('772368129264','B+','Voluptas voluptatem deserunt ut rerum quia sapiente qui ut aut.','Quas suscipit ut non eius non nostrum est ducimus expedita necessitatibus eos.','Nihil fuga qui voluptas aspernatur ut magni ipsam in.','Dolorum molestias qui pariatur explicabo nemo neque libero nihil possimus.'),
('774096358432','O-','Libero pariatur repellendus consequatur quia dicta corporis quo rem.','Expedita perferendis recusandae quia omnis et adipisci inventore optio consectetur quas consequatur ','Enim quo saepe nisi voluptate qui aut aperiam quasi ipsam ex dolorem adipisci.','Eveniet deserunt unde deleniti quia omnis veniam similique odit blanditiis cumque eveniet possimus q'),
('778903320598','A+','Nihil voluptate dolorum dolorem vero totam quisquam facilis velit quam.','Deleniti mollitia tempora eaque accusamus veritatis aut vel et dolores veniam incidunt sed.','Neque aut quam et qui ullam aut expedita qui eligendi quia vel omnis.','In praesentium sint ratione molestiae doloremque occaecati eum.'),
('782670915755','O+','Aut alias repudiandae aut rem rerum corporis exercitationem numquam quas.','Odio dolorem officia eaque ut amet eos rerum expedita cumque aut ipsam.','Dolorem non sint omnis sint nisi saepe qui aut quia eum est consequatur rem.','Minus nostrum consequuntur nam possimus ullam officiis.'),
('783279055170','O-','Ipsa ipsa amet sed quos ex harum architecto.','Placeat in voluptatum alias cupiditate ipsum consequuntur quia beatae quia.','Similique atque illo fuga cum eveniet quo voluptatum omnis.','Ratione iure similique numquam consequatur omnis repellat assumenda sed rerum.'),
('789768598325','A+','Repellat voluptas cum nesciunt aperiam deleniti ratione cumque voluptatem.','Libero tempore eos sed a et quia beatae culpa exercitationem.','Dolorum amet pariatur tempore sit fugit architecto.','Consequatur suscipit animi non quibusdam consectetur qui repellat ut pariatur architecto ea magnam.'),
('792927555792','O-','Harum quibusdam sunt est ipsam voluptate nam vitae dolorum est adipisci nobis.','Occaecati qui vero dolore pariatur nisi accusamus deserunt velit quis ut voluptatem impedit voluptat','Architecto voluptas magnam nihil quam expedita eum soluta natus omnis odio aut eligendi.','Sequi maiores deleniti voluptas quia dolores nam.'),
('807811914863','A+','Voluptatem aspernatur qui dolore placeat voluptates sunt voluptates.','Quam qui voluptas ab distinctio dolores cumque vitae quia id labore voluptatem qui.','Inventore omnis rerum omnis tempore et sunt architecto in animi.','Facere rem eos at molestiae ex necessitatibus.'),
('850824573204','AB','Iure suscipit officia quisquam molestias sit sed pariatur accusantium temporibus non fuga reprehende','Eos quo consequatur minima sit enim maiores ipsam dolore commodi deleniti reiciendis.','Sed dolores qui cum commodi quo inventore repellendus voluptatem labore at natus pariatur.','Sit tenetur maxime et non natus molestias ipsa dolor.'),
('859231326124','A-','Pariatur facilis sapiente repudiandae ducimus magni atque est aperiam quia voluptas in suscipit.','Voluptatibus quia voluptas cum quasi veritatis aut corrupti quisquam natus.','Quas cumque recusandae cumque rem quis culpa debitis reiciendis eveniet.','Ullam at voluptas nihil est saepe aut eos illum et quaerat.'),
('888560794185','B+','Quia qui similique molestiae eos dolores placeat voluptatem perferendis placeat blanditiis quia aut ','Soluta qui voluptatibus suscipit fugiat dolores et nulla ut odio quis sit voluptas enim.','Non optio ut vero aperiam ullam maiores voluptatem id id a distinctio.','Iusto nulla voluptas nostrum et sequi repudiandae dolores quisquam a rem tempora.'),
('898472998653','O+','Ut sapiente molestias totam quos qui consequuntur atque.','Eos numquam quia nemo totam dolorem est porro sed nisi tempore.','Officia cumque qui laboriosam minima necessitatibus eaque at.','Eum iure sunt eveniet reiciendis ab consequatur veritatis qui eum.'),
('903968564588','AB','Ea harum suscipit temporibus nihil ipsum corporis.','Molestias quia et minus laborum autem nemo odio repellendus repudiandae quia dicta.','Quam inventore et et error voluptatem sint deserunt eligendi voluptatem et et recusandae.','Porro nobis a nulla sit sed qui modi corrupti.'),
('906597745725','O-','Similique corrupti explicabo ad velit odio quidem sed.','Velit dolorem autem repudiandae dolorem odit voluptas id aliquam alias porro voluptates est.','At eos et sunt nostrum voluptatibus nisi quo omnis impedit.','Animi quod atque voluptatem ut ipsa dolor non architecto maxime fugiat explicabo.'),
('915669250967','O+','Voluptatem reiciendis repellendus enim et sit eius ullam earum eos eveniet.','Sit quibusdam cum vel earum vitae reprehenderit dolorem sed quod non similique consectetur.','Ipsa eaque aut cum dicta dolorum repudiandae expedita et.','Nihil asperiores unde labore facilis illo possimus ut vero possimus enim.'),
('945290552811','A-','Culpa dolorem soluta nihil maiores temporibus veritatis.','Earum dolorem maxime maxime velit impedit impedit quis id vitae facere qui doloribus.','Maxime qui nobis cum quos sunt veritatis dolor repellat et.','Quia ab labore magni nesciunt et est et sed.'),
('960130995721','O-','Iure suscipit labore ipsum repellat sunt odio odit architecto excepturi quia eum adipisci.','Quo quam dolorem ut iusto quos non unde dignissimos quibusdam corrupti tempora harum reprehenderit.','Voluptate ex vero dolores sit delectus quia.','Voluptates eveniet est ad ratione reprehenderit ipsa est quae pariatur aut facilis eos suscipit.'),
('962435019401','B+','Veniam sunt esse voluptatem iste repellat in qui blanditiis exercitationem.','Iure aut aut ut ut nostrum assumenda est dolores.','Quia eum provident qui sint doloremque consequatur ut ut voluptatem ut neque deleniti.','Facere vitae ratione quo excepturi voluptatibus cumque quaerat aut rerum.'),
('964823529401','B+','Eligendi est consectetur est repellat laborum aliquid.','Harum a id quas et sapiente magnam natus libero.','Minus architecto quidem molestiae assumenda sed et consectetur esse aut.','Commodi iusto totam sit ut explicabo quia optio rerum et fugiat aliquid ex.'),
('975779212544','A-','Et excepturi iure ex ut ut repellat non quidem et reprehenderit ut facere.','Nemo corporis quae reiciendis qui fugiat excepturi rerum suscipit natus sint soluta recusandae.','Praesentium deleniti eum architecto rerum neque in consequuntur provident quam ipsam.','Et accusantium nobis libero alias porro ut.'),
('979818221180','O+','Illo adipisci ea ea nihil facilis quas nostrum atque nulla.','Asperiores quibusdam ipsam quo totam debitis in quis modi est ducimus dolorum cumque.','Voluptatum aliquid sit praesentium consequatur aut ullam facilis eveniet ducimus fuga consequatur er','Voluptatem veniam perspiciatis beatae sed qui quas.'),
('989408105618','B+','Nobis quis eaque corporis quia voluptas et dicta ullam voluptatum.','Suscipit placeat voluptatum quasi itaque nobis et adipisci dignissimos ut quis rerum.','Quisquam dolorem pariatur praesentium impedit consectetur provident voluptas dolor quia sunt optio.','Laborum aut aperiam excepturi et esse nihil dignissimos dolore.'),
('994151279616','AB','Sed tempore et molestiae delectus qui dolor culpa quis et ipsa.','Aspernatur optio sunt eos necessitatibus explicabo itaque ratione pariatur.','Omnis quaerat repellendus magni doloremque nisi et enim eum ut.','Blanditiis voluptatem accusantium consequuntur ut non corrupti ut.'); 






INSERT INTO EPrescription VALUES ('237193094','001831940407','000970023012'),
('2147483647','024495747369','012666212046'),
('1796544808','035401802401','019545989819'),
('2106751470','040625987046','063034763503'),
('2147483647','047698736375','065531852208'),
('2147483647','064619065237','091211760530'),
('1626104316','070449022298','129856840045'),
('1552557822','078562564725','139024238170'),
('2147483647','086066682872','142317848239'),
('2147483647','095231180131','163392269679'),
('2147483647','101106120026','177000602056'),
('968315362','106405308058','180703833087'),
('2030016574','112592304075','201027198066'),
('2147483647','113194825953','214114681341'),
('2147483647','126505741189','218810702702'),
('1479391730','128470619118','229385298215'),
('2147483647','155362132722','237557387624'),
('2147483647','155615106751','240460789560'),
('2147483647','163817056900','258863965617'),
('2147483647','174561839813','260005350269'),
('2116669104','182170887578','264848416358'),
('2147483647','182695511649','279066017321'),
('481103242','192864798254','279487174617'),
('53169536','197831865479','298931492538'),
('2147483647','214462377286','306821830103'),
('1873763196','243416026582','307740443119'),
('2147483647','259657274861','308771728519'),
('2147483647','269527525204','315480292826'),
('482539944','269881907899','325404917996'),
('2147483647','282555462207','339649785218'),
('1662529646','282909545453','347781433235'),
('2147483647','291811727253','349089958866'),
('2147483647','300294172089','357303125996'),
('1962321700','300657907839','360579277361'),
('1585298228','300762076343','361880766659'),
('715675624','318711786889','363361759770'),
('2147483647','328665060619','371278324407'),
('1504072992','386831276723','371637958253'),
('2147483647','390716936353','388353953738'),
('2147483647','401413383222','395279871997'),
('2147483647','409263381101','412027701141'),
('2147483647','412962612033','447927974882'),
('2147483647','422152525378','451022500111'),
('168041400','424018420554','457208273233'),
('2147483647','440970885719','484131115217'),
('2147483647','441464648348','498672487586'),
('2147483647','450279965897','499158111819'),
('2147483647','454323483605','499436264812'),
('858784316','484508957726','499871564354'),
('2147483647','486902475164','500863751175'),
('2147483647','501121745560','506800378233'),
('1666708376','508845290707','508091419195'),
('1733837940','527144899184','523487390950'),
('2147483647','551520065345','529978178433'),
('2147483647','552934373282','549624979660'),
('2147483647','567478570625','559212555363'),
('1776276278','572655903607','574236579593'),
('2147483647','580172685767','578889031416'),
('2147483647','590647087424','599112859930'),
('2147483647','598273915195','619842173614'),
('2147483647','620775782061','624359682296'),
('1035062042','631675391082','638505331845'),
('2147483647','632771640992','640451321840'),
('2147483647','640270909649','651773617329'),
('2147483647','648153520071','668258660930'),
('2147483647','652214057957','677128713526'),
('2147483647','654035166109','677139619560'),
('2147483647','662094550134','720934027136'),
('2147483647','677246759140','721023599405'),
('1634263908','684627557193','724582148971'),
('2147483647','694470379212','736760465362'),
('1412518376','695693358869','736902253846'),
('2079640734','705449630282','741836394814'),
('2147483647','715908628829','743386040083'),
('688133426','724071063769','745067336645'),
('1139039638','731474567021','752452733864'),
('2147483647','743314275946','769180093656'),
('2147483647','772368129264','774224471758'),
('1499091378','774096358432','784460045580'),
('2147483647','778903320598','788717833551'),
('1634119496','782670915755','802374294885'),
('2147483647','783279055170','809204732156'),
('2147483647','789768598325','816772189622'),
('2147483647','792927555792','818643318600'),
('273938118','807811914863','826197602275'),
('2147483647','850824573204','844691664535'),
('47642352','859231326124','845081174156'),
('2002702154','888560794185','849959212428'),
('807670640','898472998653','894754020351'),
('2147483647','903968564588','904488949870'),
('643257404','906597745725','914747685568'),
('2035006032','915669250967','918787602752'),
('2147483647','945290552811','932194460763'),
('829407666','960130995721','936934731370'),
('1699800008','962435019401','969565363449'),
('2147483647','964823529401','972746910756'),
('1512307146','975779212544','982117054282'),
('2147483647','979818221180','983744863439'),
('226525584','989408105618','990916421268'),
('790677210','994151279616','994116080518'); 






INSERT INTO MedicineDetails VALUES ('47642352','Porro sed.','quis','23:49:49','2018-10-20','2018-11-06'),
('53169536','Qui autem.','itaque','07:07:57','2018-10-21','2018-11-07'),
('168041400','Et.','maiores','01:41:04','2018-10-17','2018-10-22'),
('226525584','At.','et','16:14:53','2018-11-06','2018-10-29'),
('237193094','Impedit sequi.','voluptatem','17:27:44','2018-10-16','2018-10-13'),
('273938118','Sunt.','et','15:01:31','2018-11-02','2018-10-13'),
('481103242','Possimus.','dolore','20:24:08','2018-10-28','2018-11-09'),
('482539944','Sed non.','mollitia','22:08:01','2018-10-11','2018-10-23'),
('643257404','Consequuntur.','sed','14:30:16','2018-10-19','2018-10-27'),
('688133426','Molestiae qui.','sit','07:00:09','2018-11-04','2018-10-31'),
('715675624','Non accusantium.','ea','08:49:55','2018-11-03','2018-11-06'),
('790677210','Sint aliquam.','autem','01:16:42','2018-10-30','2018-11-09'),
('807670640','Occaecati rerum.','qui','18:37:41','2018-11-02','2018-11-03'),
('829407666','Consequatur qui.','veniam','02:00:56','2018-10-18','2018-11-05'),
('858784316','Nulla.','dolores','16:53:25','2018-11-03','2018-11-07'),
('968315362','Numquam.','tempora','07:40:43','2018-10-21','2018-10-27'),
('1035062042','Suscipit maxime.','doloremque','14:32:00','2018-11-02','2018-10-29'),
('1139039638','Earum eligendi.','sit','18:14:59','2018-10-30','2018-11-09'),
('1412518376','Quia.','eaque','00:04:36','2018-10-27','2018-10-22'),
('1479391730','Error voluptates.','soluta','08:39:46','2018-10-24','2018-10-12'),
('1499091378','Id.','consectetur','11:08:33','2018-10-18','2018-10-16'),
('1504072992','Fugit ut.','dolor','22:13:11','2018-10-31','2018-10-21'),
('1512307146','Doloremque.','error','16:07:45','2018-11-04','2018-10-29'),
('1552557822','Ipsum autem.','rem','13:10:10','2018-11-09','2018-10-13'),
('1585298228','Molestias qui.','doloribus','01:34:20','2018-10-23','2018-10-28'),
('1626104316','Qui sed.','veritatis','23:10:25','2018-10-31','2018-11-06'),
('1634119496','Inventore.','cum','05:39:27','2018-11-08','2018-10-21'),
('1634263908','Ullam.','aut','00:21:15','2018-10-14','2018-10-11'),
('1662529646','Officia.','ad','15:32:11','2018-11-04','2018-11-04'),
('1666708376','Rerum.','autem','19:42:14','2018-10-28','2018-10-12'),
('1699800008','Facere.','consectetur','02:19:00','2018-10-11','2018-10-12'),
('1733837940','Consequuntur aliquam.','nostrum','17:10:15','2018-10-27','2018-11-02'),
('1776276278','Sunt debitis.','sunt','15:02:26','2018-11-04','2018-10-28'),
('1796544808','Cum porro.','velit','07:39:30','2018-11-07','2018-10-16'),
('1873763196','Ut et.','vel','16:11:12','2018-11-01','2018-11-03'),
('1962321700','Qui.','quam','01:20:06','2018-10-17','2018-10-19'),
('2002702154','Eos.','porro','13:13:38','2018-10-29','2018-10-21'),
('2030016574','Consequuntur perspiciatis.','et','15:10:42','2018-10-17','2018-11-07'),
('2035006032','Veritatis et.','distinctio','13:57:35','2018-10-18','2018-10-28'),
('2079640734','Non.','voluptas','04:02:56','2018-11-01','2018-10-25'),
('2106751470','Et.','veritatis','21:21:03','2018-10-16','2018-10-18'),
('2116669104','Est sed.','inventore','22:27:25','2018-10-24','2018-10-17'),
('2147483647','Earum.','iste','00:08:14','2018-11-04','2018-10-17'),
('2147483647','Sit.','nisi','12:43:02','2018-10-25','2018-10-30'),
('2147483647','Quo sequi.','eos','02:29:07','2018-11-06','2018-11-09'),
('2147483647','Aliquid.','sit','02:43:13','2018-10-23','2018-10-27'),
('2147483647','Animi sit.','architecto','15:08:36','2018-10-21','2018-10-31'),
('2147483647','Harum ullam.','possimus','03:40:05','2018-10-20','2018-10-31'),
('2147483647','Itaque.','sed','19:23:04','2018-10-12','2018-10-10'),
('2147483647','Recusandae necessitatibus.','distinctio','11:18:58','2018-10-31','2018-10-16'),
('2147483647','Nulla voluptas.','dicta','04:57:33','2018-11-04','2018-10-17'),
('2147483647','Sit et.','ut','11:56:32','2018-10-18','2018-10-29'),
('2147483647','Quae et.','eum','15:04:54','2018-11-04','2018-11-10'),
('2147483647','Aliquid.','eos','10:40:36','2018-10-26','2018-10-20'),
('2147483647','Quia.','esse','17:39:08','2018-10-13','2018-10-14'),
('2147483647','Similique natus.','voluptas','09:41:23','2018-10-29','2018-10-21'),
('2147483647','Nihil.','quam','13:59:43','2018-10-11','2018-10-22'),
('2147483647','Deserunt.','ratione','18:43:44','2018-11-01','2018-10-20'),
('2147483647','Asperiores sed.','est','16:27:02','2018-10-14','2018-10-29'),
('2147483647','Quo.','id','22:46:56','2018-10-29','2018-10-28'),
('2147483647','Pariatur.','aliquam','03:44:57','2018-10-19','2018-10-24'),
('2147483647','Cupiditate natus.','saepe','13:20:42','2018-10-22','2018-10-12'),
('2147483647','Reprehenderit.','voluptates','19:51:08','2018-10-28','2018-11-04'),
('2147483647','Quaerat voluptates.','accusantium','06:49:51','2018-10-23','2018-10-23'),
('2147483647','Ut.','ut','18:33:34','2018-11-02','2018-10-15'),
('2147483647','Laborum ducimus.','ut','01:47:38','2018-11-01','2018-11-05'),
('2147483647','Qui.','asperiores','01:19:34','2018-11-08','2018-10-22'),
('2147483647','Consequuntur.','nulla','05:03:17','2018-10-11','2018-10-25'),
('2147483647','Praesentium in.','est','17:45:19','2018-10-22','2018-10-11'),
('2147483647','Aspernatur.','ipsa','10:12:52','2018-11-03','2018-10-17'),
('2147483647','Atque necessitatibus.','quae','11:21:54','2018-11-02','2018-10-20'),
('2147483647','Odio ad.','iusto','06:11:10','2018-10-31','2018-11-05'),
('2147483647','Illum.','officiis','09:35:06','2018-10-30','2018-10-14'),
('2147483647','Tempora.','perspiciatis','07:33:38','2018-10-26','2018-10-19'),
('2147483647','Quia sed.','pariatur','13:59:05','2018-10-17','2018-10-21'),
('2147483647','Molestiae.','id','15:00:33','2018-11-08','2018-10-21'),
('2147483647','Voluptas.','voluptas','08:40:00','2018-10-12','2018-10-22'),
('2147483647','Qui.','aut','08:18:43','2018-10-25','2018-10-17'),
('2147483647','Voluptate blanditiis.','in','01:33:58','2018-11-01','2018-10-23'),
('2147483647','Quia.','est','03:32:59','2018-10-27','2018-10-11'),
('2147483647','Rerum.','ea','09:13:31','2018-10-19','2018-10-16'),
('2147483647','Molestiae ipsam.','quis','21:20:32','2018-11-07','2018-10-17'),
('2147483647','Ratione rerum.','temporibus','09:15:12','2018-10-20','2018-11-03'),
('2147483647','Eius.','vitae','18:48:28','2018-10-21','2018-11-08'),
('2147483647','Voluptate.','omnis','08:42:19','2018-10-18','2018-11-05'),
('2147483647','Debitis iure.','debitis','06:31:03','2018-11-10','2018-10-24'),
('2147483647','Voluptatem.','nihil','04:28:02','2018-10-25','2018-10-27'),
('2147483647','Non.','reprehenderit','14:05:01','2018-10-21','2018-11-04'),
('2147483647','Non enim.','voluptas','02:55:16','2018-11-07','2018-10-26'),
('2147483647','Voluptate veritatis.','aspernatur','08:33:06','2018-10-19','2018-11-08'),
('2147483647','Voluptatem.','laborum','12:36:10','2018-10-29','2018-10-18'),
('2147483647','Qui eius.','est','21:34:21','2018-10-31','2018-10-28'),
('2147483647','Numquam dolor.','et','11:45:26','2018-10-31','2018-10-13'),
('2147483647','Quisquam aut.','dolorum','05:34:26','2018-11-10','2018-10-14'),
('2147483647','Ad in.','aut','16:24:22','2018-10-19','2018-10-12'),
('2147483647','Corrupti.','dolor','02:58:28','2018-11-04','2018-11-01'),
('2147483647','Saepe culpa.','error','21:23:06','2018-11-04','2018-10-23'),
('2147483647','Earum rerum.','distinctio','07:15:01','2018-10-16','2018-10-12'),
('2147483647','Ut.','a','00:54:55','2018-10-24','2018-10-14'),
('2147483647','Sunt.','minima','01:23:55','2018-10-19','2018-10-15'); 






INSERT INTO Prescription VALUES ('001831940407','1','2008-01-21 16:03:05','f1.jpg'),
('024495747369','2','2018-04-11 17:17:41','f3.pdf'),
('035401802401','3','1987-11-06 10:02:09','asdf.pdf'),
('040625987046','4','1988-12-01 21:22:28','f3.pdf'),
('047698736375','5','1985-10-05 14:30:34','f3.pdf'),
('064619065237','6','1983-05-04 17:20:35','asdf.pdf'),
('070449022298','7','1994-09-26 07:26:59','f1.jpg'),
('078562564725','8','1973-07-09 05:09:26','f1.jpg'),
('086066682872','9','1984-04-08 07:53:24','asdf.pdf'),
('095231180131','10','2015-11-27 22:01:02','abc.docx'),
('101106120026','11','1974-06-09 11:40:13','abc.docx'),
('106405308058','12','2005-08-08 05:23:39','asdf.pdf'),
('112592304075','13','1983-12-20 01:47:17','abc.docx'),
('113194825953','14','1984-02-03 16:08:46','f3.pdf'),
('126505741189','15','2006-02-13 04:10:14','f2.png'),
('128470619118','16','1972-03-26 07:47:28','abc.docx'),
('155362132722','17','1986-02-22 04:47:36','asdf.pdf'),
('155615106751','18','2010-10-13 20:18:55','f3.pdf'),
('163817056900','19','1990-10-17 22:42:31','f3.pdf'),
('174561839813','20','2013-07-17 14:58:47','asdf.pdf'),
('182170887578','21','1979-11-27 06:51:19','f3.pdf'),
('182695511649','22','1987-05-15 14:19:12','abc.docx'),
('192864798254','23','2018-02-20 01:35:47','abc.docx'),
('197831865479','24','1984-05-05 09:58:15','f2.png'),
('214462377286','25','2017-05-29 11:41:13','f3.pdf'),
('243416026582','26','2008-11-26 09:16:29','f1.jpg'),
('259657274861','27','2003-12-06 18:43:11','f2.png'),
('269527525204','28','2000-11-12 23:29:27','f2.png'),
('269881907899','29','2010-11-13 12:50:23','abc.docx'),
('282555462207','30','2004-06-24 17:08:38','f2.png'),
('282909545453','31','1980-07-18 13:52:16','asdf.pdf'),
('291811727253','32','2018-05-02 12:10:52','f2.png'),
('300294172089','33','2004-09-02 11:37:17','f3.pdf'),
('300657907839','34','1986-07-09 22:37:34','f3.pdf'),
('300762076343','35','2006-12-27 17:22:37','f2.png'),
('318711786889','36','2008-02-16 17:24:01','asdf.pdf'),
('328665060619','37','1994-09-28 10:36:33','f3.pdf'),
('386831276723','38','1980-01-27 10:07:58','f3.pdf'),
('390716936353','39','1985-07-13 01:45:32','asdf.pdf'),
('401413383222','40','1997-09-19 02:56:56','abc.docx'),
('409263381101','41','1974-05-26 14:27:45','asdf.pdf'),
('412962612033','42','2010-01-07 16:54:11','f2.png'),
('422152525378','43','2016-03-13 07:07:33','f1.jpg'),
('424018420554','44','1977-03-24 06:42:16','asdf.pdf'),
('440970885719','45','1973-07-15 09:48:19','f2.png'),
('441464648348','46','1981-11-16 23:04:38','f3.pdf'),
('450279965897','47','2000-01-04 21:35:32','f3.pdf'),
('454323483605','48','1980-03-23 11:25:51','f1.jpg'),
('484508957726','49','1985-08-08 09:35:09','f2.png'),
('486902475164','50','1997-09-13 02:10:15','f1.jpg'),
('501121745560','51','1989-12-11 22:14:31','f2.png'),
('508845290707','52','2018-06-19 11:28:44','f1.jpg'),
('527144899184','53','2017-04-29 00:10:21','asdf.pdf'),
('551520065345','54','2012-11-24 23:18:33','abc.docx'),
('552934373282','55','2003-06-17 14:41:07','abc.docx'),
('567478570625','56','1975-12-29 02:58:05','f1.jpg'),
('572655903607','57','1977-12-19 13:43:14','abc.docx'),
('580172685767','58','1993-03-08 23:00:39','abc.docx'),
('590647087424','59','1987-06-24 13:02:07','abc.docx'),
('598273915195','60','1977-03-13 18:45:01','asdf.pdf'),
('620775782061','61','2009-05-20 04:05:20','f3.pdf'),
('631675391082','62','2002-11-09 11:15:43','f1.jpg'),
('632771640992','63','2003-09-13 11:55:49','asdf.pdf'),
('640270909649','64','1998-11-10 05:18:06','abc.docx'),
('648153520071','65','2010-02-17 11:54:48','asdf.pdf'),
('652214057957','66','1984-02-06 19:27:07','asdf.pdf'),
('654035166109','67','2013-08-24 06:39:08','abc.docx'),
('662094550134','68','1980-02-16 22:11:45','asdf.pdf'),
('677246759140','69','1997-11-09 10:44:24','f2.png'),
('684627557193','70','1988-02-03 22:47:08','abc.docx'),
('694470379212','71','2005-03-19 15:59:49','abc.docx'),
('695693358869','72','1972-10-25 21:25:51','asdf.pdf'),
('705449630282','73','1972-12-09 11:47:14','f3.pdf'),
('715908628829','74','1992-06-09 23:35:34','abc.docx'),
('724071063769','75','2006-07-23 00:04:41','asdf.pdf'),
('731474567021','76','2015-08-11 04:32:31','f1.jpg'),
('743314275946','77','2011-09-02 06:21:28','f2.png'),
('772368129264','78','1992-03-01 06:18:06','f1.jpg'),
('774096358432','79','1982-12-10 06:02:44','abc.docx'),
('778903320598','80','1977-09-02 18:14:40','f1.jpg'),
('782670915755','81','1996-11-24 01:30:03','asdf.pdf'),
('783279055170','82','1977-07-06 04:06:41','f2.png'),
('789768598325','83','1990-02-05 13:23:07','asdf.pdf'),
('792927555792','84','2004-08-01 11:52:32','asdf.pdf'),
('807811914863','85','1970-07-07 23:28:28','f2.png'),
('850824573204','86','1997-01-22 09:36:54','abc.docx'),
('859231326124','87','2012-11-24 18:28:08','asdf.pdf'),
('888560794185','88','1998-09-18 22:53:46','f1.jpg'),
('898472998653','89','1988-02-01 05:46:27','asdf.pdf'),
('903968564588','90','2001-05-15 20:18:16','f2.png'),
('906597745725','91','1978-09-27 06:59:13','f2.png'),
('915669250967','92','1985-04-17 21:33:36','f1.jpg'),
('945290552811','93','1976-05-17 23:59:46','asdf.pdf'),
('960130995721','94','1989-05-28 15:57:41','asdf.pdf'),
('962435019401','95','1994-09-26 11:09:01','f2.png'),
('964823529401','96','1997-06-25 02:51:56','f3.pdf'),
('975779212544','97','1977-04-25 14:37:49','f2.png'),
('979818221180','98','2003-07-12 14:25:36','f1.jpg'),
('989408105618','99','2010-07-28 19:19:40','asdf.pdf'),
('994151279616','100','1998-10-10 11:36:35','asdf.pdf'); 






INSERT INTO LabRequestDocument VALUES ('1','001831940407','000970023012','Omnis aliquam.','Similique consequatur incidunt error vero natus. Dolorum exercitationem aut vero aut voluptas amet. ','f1.jpg'),
('2','024495747369','012666212046','Voluptatem qui.','Atque eveniet nesciunt rerum vero suscipit omnis. Atque eum minima perferendis ducimus aperiam.','asdf.pdf'),
('3','035401802401','019545989819','Quia excepturi ut dolor.','Sed aspernatur recusandae est dolor velit fugit. Rerum suscipit tempora perferendis qui omnis aliqua','abc.docx'),
('4','040625987046','063034763503','Et incidunt doloremque.','Qui consequatur dolore architecto quo dolore non quisquam. Aut voluptates et consequatur dolorem ut ','f2.png'),
('5','047698736375','065531852208','Minima ut vel.','Explicabo animi voluptates aliquam sint soluta. Omnis eum aut dolorem. Officia voluptatem quas odit ','asdf.pdf'),
('6','064619065237','091211760530','Et repudiandae aspernatur dolorum.','Nostrum repellendus autem sed nam et quia. Qui vitae culpa omnis culpa nihil. Facere nemo provident ','f3.pdf'),
('7','070449022298','129856840045','Animi eum ratione minima.','Sunt illum nihil deleniti. Et aut voluptates porro a. Aut qui veniam aut rerum. Incidunt velit delec','f2.png'),
('8','078562564725','139024238170','Dolorem nisi soluta.','Ut non quia ut officiis exercitationem quasi. Et odio in hic consequuntur molestiae. Quae omnis alia','asdf.pdf'),
('9','086066682872','142317848239','Sed quae earum tempora.','Atque sit ad itaque inventore. Iusto cumque fuga earum laborum. Sequi est qui corrupti quis. Maiores','asdf.pdf'),
('10','095231180131','163392269679','Ut facilis magnam sit qui.','Quas est dolor dolore odit perspiciatis est. Molestiae et veritatis illo quis. Similique omnis perfe','f1.jpg'),
('11','101106120026','177000602056','Numquam eos laudantium.','Sed quaerat quis laudantium dolore vitae ut. Est perferendis et voluptatem autem. Fugit reprehenderi','f2.png'),
('12','106405308058','180703833087','Quibusdam laudantium veritatis.','Est et commodi temporibus consequatur vel non. Recusandae vel sint sit beatae. Et et nisi nostrum qu','abc.docx'),
('13','112592304075','201027198066','Debitis debitis neque saepe.','Similique natus dolorem est inventore voluptatem. Quos ea non amet et reprehenderit qui soluta. Assu','asdf.pdf'),
('14','113194825953','214114681341','Quod cupiditate quia.','Odit omnis provident eveniet eveniet vel. Non quidem quo dignissimos molestias perferendis soluta. M','abc.docx'),
('15','126505741189','218810702702','Expedita neque et non.','Molestiae porro dolorem voluptatibus. Id reiciendis nesciunt odio qui dolores nihil necessitatibus. ','f3.pdf'),
('16','128470619118','229385298215','Molestiae consequuntur numquam aut.','Aut deserunt impedit earum aut. Illum facilis totam minus dicta dolores.','asdf.pdf'),
('17','155362132722','237557387624','Cum ut consectetur.','Qui excepturi soluta eligendi iste consequuntur nemo non reiciendis. Et et enim est perferendis. Ver','f1.jpg'),
('18','155615106751','240460789560','Repellendus odio illo.','Eligendi aut consequatur totam non vitae. Et modi aut praesentium facilis provident amet ullam. Debi','f2.png'),
('19','163817056900','258863965617','Et quaerat.','Numquam necessitatibus delectus est. Qui eum quia eius enim voluptatibus aut. Iusto vero porro autem','asdf.pdf'),
('20','174561839813','260005350269','Culpa velit blanditiis.','Sed deserunt temporibus alias excepturi incidunt consectetur sed. Laborum nihil exercitationem labor','f1.jpg'),
('21','182170887578','264848416358','Voluptas eum earum blanditiis.','Possimus velit accusantium et et rerum iste non minima. Possimus vitae aliquid accusamus quia volupt','f3.pdf'),
('22','182695511649','279066017321','Beatae doloremque et dolor.','Quasi eaque alias beatae qui quis at rerum fugit. Corporis laborum rerum asperiores dolores reiciend','f3.pdf'),
('23','192864798254','279487174617','Adipisci non quod est.','Accusamus vitae nulla deserunt iusto. Nisi mollitia enim illo alias quas tenetur eos. Velit sunt per','f2.png'),
('24','197831865479','298931492538','Dolorem voluptatem.','Corporis ut ut quis. Odio aut nesciunt temporibus. Error praesentium beatae eius impedit et consequu','asdf.pdf'),
('25','214462377286','306821830103','Dolorum quos maiores.','Rem et accusantium magnam excepturi debitis natus. Qui non minima numquam saepe. Et enim id architec','abc.docx'),
('26','243416026582','307740443119','Inventore voluptas est.','Iste facere minus aut quod accusantium. Velit itaque veritatis illo delectus cum delectus ut. Deseru','f3.pdf'),
('27','259657274861','308771728519','Quasi iusto commodi.','Voluptatem odio ipsa qui eveniet quibusdam dolor. Architecto a sint quia vero dolore quas omnis. Vel','f2.png'),
('28','269527525204','315480292826','Atque laborum aliquam.','Eum molestiae porro aliquid nihil tempora suscipit. Eligendi magnam aut odio in aspernatur et offici','asdf.pdf'),
('29','269881907899','325404917996','Quod quod asperiores blanditiis.','Consequuntur dolore exercitationem placeat et nemo eos facere. Sit est eos blanditiis minus facilis.','asdf.pdf'),
('30','282555462207','339649785218','Optio architecto consequatur sit.','Dolore animi aut itaque et unde cupiditate. Perferendis perferendis praesentium possimus. At molesti','f2.png'),
('31','282909545453','347781433235','Sed culpa eveniet.','Quo sit ullam tenetur sed. Sed repudiandae vero debitis sit nesciunt. Praesentium repellendus nulla ','f2.png'),
('32','291811727253','349089958866','Aut alias ea dolorum.','Ut consequatur perferendis aut facere distinctio ipsam. Officia voluptatem qui maiores tempora tempo','f1.jpg'),
('33','300294172089','357303125996','Incidunt dolore debitis alias veritatis.','Et voluptatem accusantium aut aliquid saepe voluptatibus quod corporis. Necessitatibus temporibus mo','f2.png'),
('34','300657907839','360579277361','Non nobis consectetur sit.','Numquam sunt magnam modi non temporibus recusandae. Ea sit et aut omnis et. Cupiditate doloremque au','f1.jpg'),
('35','300762076343','361880766659','Eos dolorum ut.','Amet modi occaecati inventore et ea. Nesciunt harum aut consequuntur nisi. Nobis quod rerum qui omni','abc.docx'),
('36','318711786889','363361759770','Fugit deleniti asperiores architecto.','Eveniet sit ut consectetur tempore nihil iure nisi sint. Ut quisquam voluptas magnam nostrum volupta','asdf.pdf'),
('37','328665060619','371278324407','Aspernatur voluptate nulla natus.','Sed dolor rerum sit dolor voluptas id. At eveniet molestiae dicta quod repellat. Inventore nobis atq','f2.png'),
('38','386831276723','371637958253','Rerum esse tempora ex.','Minus minima eos similique officia deserunt. Voluptas iusto voluptates incidunt et.','f1.jpg'),
('39','390716936353','388353953738','Placeat esse dolores.','Non temporibus dolorem natus. Libero rerum voluptatibus fugit est voluptatem voluptas. Corrupti maxi','abc.docx'),
('40','401413383222','395279871997','A quis.','Temporibus ut deleniti et explicabo quam voluptatem. Accusantium quo sunt in. Sed quasi voluptas aut','f2.png'),
('41','409263381101','412027701141','Fugiat voluptas.','Dignissimos earum dignissimos beatae unde facilis exercitationem animi. Et praesentium fugit minus q','abc.docx'),
('42','412962612033','447927974882','Fugiat officiis et.','Eum blanditiis expedita similique unde. Vitae autem eos nihil enim.','f3.pdf'),
('43','422152525378','451022500111','Quis numquam tempore.','Expedita aut et atque pariatur ut. Cupiditate reprehenderit neque ea voluptatibus dolore possimus qu','f2.png'),
('44','424018420554','457208273233','Facere ut architecto iusto.','Dolorem impedit animi numquam aliquam error. Sit aut sequi saepe labore. Mollitia qui totam cupidita','f1.jpg'),
('45','440970885719','484131115217','Enim et quo sed.','Iure quasi soluta vitae sed nisi facilis. Laborum rem minus autem qui ipsum. Aliquam voluptate volup','f2.png'),
('46','441464648348','498672487586','Voluptatem et officia nemo.','Perspiciatis voluptas velit nam quod magni eum repudiandae. Ratione blanditiis aut magnam ratione. C','f2.png'),
('47','450279965897','499158111819','Voluptatem non ea.','Quibusdam illum quisquam incidunt quia dignissimos non. Fugiat architecto debitis aut perferendis di','abc.docx'),
('48','454323483605','499436264812','Totam molestias qui consequatur.','Dolores sunt suscipit ullam. Eligendi odio ipsum perspiciatis voluptate autem et enim. Quia nam id e','f1.jpg'),
('49','484508957726','499871564354','Veritatis adipisci dolorem.','Et recusandae veniam ut corporis quam asperiores nihil. Ullam doloribus et ipsum et quia repudiandae','f3.pdf'),
('50','486902475164','500863751175','Molestias molestiae perferendis dolorum fugiat.','Esse autem ducimus corporis aut asperiores. Similique illo cumque id soluta ut. Veritatis consequatu','abc.docx'),
('51','501121745560','506800378233','Ab numquam minus.','Voluptatem voluptatum modi eius tenetur iste aut. Quas et excepturi magnam quia. Excepturi qui corpo','f1.jpg'),
('52','508845290707','508091419195','Quo laborum.','Enim nihil quia aut similique excepturi. Quidem eligendi molestias officia est et aut. Rerum aut sim','f2.png'),
('53','527144899184','523487390950','Quibusdam vel optio consequatur.','Qui aut odio rem eos ea. Nobis tempora sapiente saepe et ut. Neque ut error dolores dolores ratione ','abc.docx'),
('54','551520065345','529978178433','Ullam et nulla.','Quis quis consequuntur aut sint repellendus cupiditate quasi. Ducimus quia voluptate distinctio assu','f3.pdf'),
('55','552934373282','549624979660','Consequatur placeat a.','Ut fugiat voluptatem esse consectetur deleniti quaerat ut. Quis voluptatem sunt necessitatibus id et','f1.jpg'),
('56','567478570625','559212555363','Ipsum omnis ipsa voluptatem et.','Natus modi sunt porro architecto distinctio. Molestiae autem qui praesentium dicta et atque facilis.','asdf.pdf'),
('57','572655903607','574236579593','Sunt sit qui.','Pariatur omnis sit repudiandae et ut dolores. Voluptatem facere saepe ratione modi magnam beatae. Fu','f3.pdf'),
('58','580172685767','578889031416','Qui sint maiores.','Ut et nihil voluptatum dolorem et. Quam labore ut debitis incidunt atque tempore possimus. Architect','abc.docx'),
('59','590647087424','599112859930','Repellendus corrupti.','Eum impedit ipsum architecto accusamus vitae similique. Dolor est velit optio ut nemo. Ipsam placeat','f3.pdf'),
('60','598273915195','619842173614','Sit fuga vero itaque.','Ratione officiis tempore velit consectetur. Dolorum tempore ipsam est itaque consequatur sed.','f3.pdf'),
('61','620775782061','624359682296','Rerum non voluptas.','Atque est ut sed non. Voluptate nam sint eligendi cupiditate quo. Voluptatum aut itaque aut id quia ','abc.docx'),
('62','631675391082','638505331845','Quasi nam optio.','Temporibus eaque culpa minima. Omnis qui ut et voluptas architecto. Ad in impedit iusto quia. Rem au','abc.docx'),
('63','632771640992','640451321840','Odit iste ipsa.','Dolore blanditiis distinctio doloribus. Accusamus sit exercitationem nesciunt provident ut ut nemo. ','asdf.pdf'),
('64','640270909649','651773617329','Doloremque explicabo qui ex.','Numquam illum sequi dolores et vero ut odit. Voluptas placeat qui explicabo eum magnam officiis. Rer','f2.png'),
('65','648153520071','668258660930','Minima nihil pariatur.','Consequuntur in quasi culpa. Dolorem repellat architecto harum eos illum nihil. Debitis atque volupt','f1.jpg'),
('66','652214057957','677128713526','Molestias possimus tenetur.','Quas dolorem dolorum nulla non dolores. Facere quos sit recusandae.','f1.jpg'),
('67','654035166109','677139619560','Et ratione consequuntur maxime.','Neque omnis ipsam officia sint sit ipsa. Quasi sit ut voluptas nisi ratione quia debitis. Animi mini','asdf.pdf'),
('68','662094550134','720934027136','Quis sunt hic et quisquam.','Consequuntur quos itaque velit odio labore rerum. Est quam et animi soluta. Rerum nobis aut et at vo','f1.jpg'),
('69','677246759140','721023599405','Iusto dolorem autem recusandae.','Rerum repellendus facilis sed necessitatibus quae et. Excepturi ut tempore voluptate ipsa aliquam po','f1.jpg'),
('70','684627557193','724582148971','Quis est corrupti ab beatae.','Quidem qui corporis praesentium beatae quia aut molestiae. Ex aliquam natus ipsa iure. Labore verita','asdf.pdf'),
('71','694470379212','736760465362','Animi et quis neque minus.','Dolorem sunt temporibus sed tempore debitis molestiae facilis. Officia nihil voluptas voluptatem nat','f3.pdf'),
('72','695693358869','736902253846','Assumenda modi voluptatibus aut.','Dolores natus excepturi sed et aut cumque quo. Esse vitae culpa illo nisi. Officiis natus eligendi i','f1.jpg'),
('73','705449630282','741836394814','Maiores aut velit tenetur.','Explicabo sint tempore modi odio consectetur enim. Et omnis similique laudantium officiis saepe.','f3.pdf'),
('74','715908628829','743386040083','Ducimus velit.','Non numquam impedit nemo possimus doloribus quibusdam sequi. Eos qui incidunt et reprehenderit. Moll','f1.jpg'),
('75','724071063769','745067336645','Provident possimus nihil quo.','Aut perferendis amet ad sint dolor excepturi. Sapiente quisquam inventore non odit. Soluta facilis a','abc.docx'),
('76','731474567021','752452733864','Eaque voluptatem sed.','Cupiditate dolores voluptate sed eum dolorem. Aut aut natus aut recusandae. Minus illo iusto adipisc','f2.png'),
('77','743314275946','769180093656','Quibusdam corrupti cupiditate.','Soluta et ducimus numquam sunt quod. Fuga porro magnam enim voluptatem harum vel fugiat debitis. Per','f1.jpg'),
('78','772368129264','774224471758','Modi eum est.','Eos fuga tempora dolorem veniam vero ut. Commodi explicabo qui accusamus quod qui et. Sunt aut dolor','asdf.pdf'),
('79','774096358432','784460045580','Facere qui a.','Quidem repudiandae quam enim. Sunt impedit blanditiis libero molestias in ut. Tempore temporibus nem','abc.docx'),
('80','778903320598','788717833551','Neque ea quas.','Dignissimos neque molestiae enim. Distinctio quis non sed consectetur. Animi asperiores fugit fugiat','abc.docx'),
('81','782670915755','802374294885','Enim nulla rerum sit.','Et illum eaque quas vero aut modi sed. Quaerat ab voluptatum dolor et velit occaecati non. Voluptate','f2.png'),
('82','783279055170','809204732156','Quam voluptatibus sed in.','Placeat et voluptatem quaerat et ut. Cumque inventore dolores minima dicta alias.','asdf.pdf'),
('83','789768598325','816772189622','Quaerat quis nemo.','Voluptate et et veniam non. Libero magni optio consectetur.','f3.pdf'),
('84','792927555792','818643318600','Aut officia.','Qui est officia tenetur in corporis. Vel quos pariatur nisi pariatur iusto.','f1.jpg'),
('85','807811914863','826197602275','Quis impedit qui.','Voluptate fugit itaque et dignissimos. Nemo tempore dignissimos id hic est. Et consequuntur laborios','abc.docx'),
('86','850824573204','844691664535','Error facilis praesentium.','Ratione vitae eos eligendi enim. Et voluptatem omnis qui similique quam. Aperiam eligendi repudianda','f3.pdf'),
('87','859231326124','845081174156','Nobis doloremque accusantium in.','Rem expedita maiores aut nisi asperiores. Laudantium voluptas optio nihil modi dolores. Est atque is','asdf.pdf'),
('88','888560794185','849959212428','Accusantium illum ut.','Architecto sunt qui autem. Error hic blanditiis sunt omnis illo adipisci. Facere ipsa nostrum atque ','f1.jpg'),
('89','898472998653','894754020351','Error accusamus.','Magnam eum et voluptatem rem expedita. Omnis labore doloremque et eligendi eum. Nesciunt repudiandae','f3.pdf'),
('90','903968564588','904488949870','Repudiandae qui qui nulla.','Nihil quibusdam quae fuga quos rerum vel. Excepturi amet consectetur et. Voluptas nam qui qui id. Co','f1.jpg'),
('91','906597745725','914747685568','Eum reiciendis aut repellendus.','Ex cumque nostrum et tempora nulla. Quis aliquid animi unde dolorem et dolores exercitationem. Nihil','f3.pdf'),
('92','915669250967','918787602752','Dolores voluptatem commodi corrupti libero.','Eius dolore cupiditate laboriosam excepturi occaecati eos. Consequatur esse ut et ipsum ducimus sed ','asdf.pdf'),
('93','945290552811','932194460763','Error aut velit.','Ut cupiditate et necessitatibus qui. Dignissimos ab est quam libero repellendus omnis est. Quis pari','f1.jpg'),
('94','960130995721','936934731370','Porro quis sed.','Odio sunt voluptatum sequi nam ut voluptas. Enim vero maiores et perferendis ut eos. Similique nisi ','f3.pdf'),
('95','962435019401','969565363449','Quis totam modi.','Possimus qui autem quis non aliquid non est. Quo voluptates velit ut natus.','f3.pdf'),
('96','964823529401','972746910756','Animi doloribus nobis.','Error molestias rerum quidem. Iure temporibus consequatur excepturi quibusdam molestiae et maiores. ','f2.png'),
('97','975779212544','982117054282','Sit dolores libero et.','Repellat laborum sint sequi mollitia ut voluptatem minima. Reprehenderit recusandae error esse odio ','asdf.pdf'),
('98','979818221180','983744863439','Aut quam ut fugit.','Eaque et quia aut voluptas. Et dicta eius sit placeat. Odit et dolores et est. Autem in vero necessi','f1.jpg'),
('99','989408105618','990916421268','Commodi natus enim.','Aperiam dolorem ut qui aspernatur exercitationem rerum corporis aut. Nemo veniam tempora delectus co','abc.docx'),
('100','994151279616','994116080518','Quo quas et.','Ea animi laborum ut quis fugiat voluptas id. Ea suscipit nostrum aut reiciendis labore qui. Et ut vo','asdf.pdf'); 






INSERT INTO ELabRequestDocument VALUES ('1','000970023012','47642352','001831940407','Eos voluptate error.','Inventore necessitatibus id iusto voluptatem. Aut rerum quasi aut possimus labore esse exercitatione'),
('2','012666212046','53169536','024495747369','Sapiente quo.','Natus totam commodi omnis in expedita. Amet non hic quod ducimus dignissimos harum. Praesentium unde'),
('3','019545989819','168041400','035401802401','Eligendi autem sit.','Cum rem ut quae expedita quibusdam. Eveniet necessitatibus sit harum ex non. Magni assumenda atque d'),
('4','063034763503','226525584','040625987046','Aliquam a sed ut.','Consequatur totam qui aut autem. Vitae ea quisquam iusto.'),
('5','065531852208','237193094','047698736375','Qui eum officiis rerum.','Repudiandae eaque sit aspernatur. Officiis veniam voluptatem quasi qui quis et exercitationem enim. '),
('6','091211760530','273938118','064619065237','Velit consequatur quia.','Ut adipisci sunt delectus corporis recusandae. Ipsam iusto earum vero est sunt vitae vero sit. Neque'),
('7','129856840045','481103242','070449022298','Doloribus accusantium dolore sit debitis.','Facere cupiditate ullam quia eligendi. Aperiam quam dolor necessitatibus qui ab. Explicabo iusto sit'),
('8','139024238170','482539944','078562564725','Repellendus vel dolor similique.','Ut occaecati error amet laudantium sit sapiente rerum. In aut impedit eligendi quia fuga sed. Vel ea'),
('9','142317848239','643257404','086066682872','Aliquid ut sit dolorem.','Occaecati ut doloribus repellendus adipisci velit. Qui est voluptatem est vel minus.'),
('10','163392269679','688133426','095231180131','Ab tenetur minus.','Quo laudantium autem veniam in quae. Qui ad asperiores omnis. Voluptatem consequatur culpa similique'),
('11','177000602056','715675624','101106120026','Natus fugiat maiores.','Ea odio assumenda suscipit delectus incidunt. Maxime iste eaque ut ea magni. Soluta architecto natus'),
('12','180703833087','790677210','106405308058','Et voluptate non quia.','Voluptate optio sed ullam et quasi. Repellat eos asperiores aperiam qui.'),
('13','201027198066','807670640','112592304075','Libero natus maxime.','Aut atque reprehenderit sapiente perferendis modi repellat accusamus et. Sed accusamus laboriosam se'),
('14','214114681341','829407666','113194825953','Et corrupti deleniti aperiam.','Iusto laboriosam vel vitae culpa. Sunt dolorem voluptatum molestias temporibus. Quo unde eligendi vi'),
('15','218810702702','858784316','126505741189','Dignissimos debitis expedita.','Animi cupiditate sequi quisquam quia quibusdam. Et accusantium culpa quae. Sint labore et laboriosam'),
('16','229385298215','968315362','128470619118','Est eos molestiae quod.','Qui alias voluptas aut sit vitae amet. Recusandae nam quos rerum amet. Ut repellendus officiis ad. O'),
('17','237557387624','1035062042','155362132722','Sit consequatur facere nulla consequatur.','Temporibus aut aut est qui magnam temporibus. Error provident saepe ipsum magni labore ullam dicta.'),
('18','240460789560','1139039638','155615106751','Et aliquid error.','Dolorem eos laboriosam officia rerum. Suscipit repudiandae aut qui. Excepturi voluptatibus iure culp'),
('19','258863965617','1412518376','163817056900','Cum dolore ea ea.','Quisquam fuga quis voluptate deleniti sunt. Porro voluptatem totam vero id et. Eos dicta nulla nam o'),
('20','260005350269','1479391730','174561839813','Similique dicta iusto.','Enim voluptates quasi voluptatem qui eius cum est tempore. Velit deleniti sed minus. Reprehenderit s'),
('21','264848416358','1499091378','182170887578','Sapiente rerum asperiores.','Non sit quo excepturi aperiam et. Velit hic voluptate pariatur corporis omnis ad et. Voluptatum magn'),
('22','279066017321','1504072992','182695511649','Voluptas nulla est.','Quam earum placeat iste. Omnis iure et aut doloribus nihil eos. Tempore odit aut iusto sit est et no'),
('23','279487174617','1512307146','192864798254','Aperiam labore aut.','Dolores laboriosam assumenda aut aliquam. Numquam nisi ut iure dolor enim sunt eveniet. Optio offici'),
('24','298931492538','1552557822','197831865479','Quia tempore aut doloremque.','Sunt qui dignissimos magni cum. Repudiandae quaerat at atque velit minus iste sed consequuntur. Assu'),
('25','306821830103','1585298228','214462377286','Quae consequatur velit rem.','Est amet reiciendis ea nobis dignissimos dolores perspiciatis. A modi consequatur reprehenderit. Inc'),
('26','307740443119','1626104316','243416026582','Quas cumque totam quis.','Vel libero quia ab eaque. Consequatur necessitatibus consectetur dignissimos repellendus cum est. La'),
('27','308771728519','1634119496','259657274861','Voluptatibus commodi doloremque blanditiis.','Non quis incidunt minima et est. Quo cupiditate amet illo quis voluptatem aut nulla in. Sapiente por'),
('28','315480292826','1634263908','269527525204','Quae sequi nostrum.','Eaque provident vel ea sed suscipit nihil optio. Ut sapiente error amet amet quidem inventore. Vitae'),
('29','325404917996','1662529646','269881907899','Fugit sunt et enim.','Neque molestiae excepturi a. Ut facilis commodi qui explicabo porro mollitia. Quis nostrum dolorum s'),
('30','339649785218','1666708376','282555462207','Consequatur nisi qui.','Ratione quo dignissimos fuga sed nisi. Dolorem voluptatem est delectus sapiente. Eveniet sit ut non '),
('31','347781433235','1699800008','282909545453','Ad repellat enim voluptas.','Non quo illum maxime incidunt. Illo quia impedit in culpa ad asperiores pariatur sit. Voluptatem quo'),
('32','349089958866','1733837940','291811727253','Harum velit ullam veniam.','Quos perspiciatis quas qui aliquam. Dolorum magnam ipsam optio consequatur. Aut vel distinctio illo '),
('33','357303125996','1776276278','300294172089','Modi sit labore itaque.','A optio officia eius. Itaque debitis sed fuga est totam voluptas blanditiis.'),
('34','360579277361','1796544808','300657907839','Perferendis sint beatae.','Aliquam vero accusantium quidem quo enim delectus. Et ducimus alias eveniet. Vero quibusdam odit id.'),
('35','361880766659','1873763196','300762076343','Pariatur dicta quo.','Id cupiditate deleniti rerum illo et consequatur. Maxime ut est eveniet voluptatibus non ea. Laudant'),
('36','363361759770','1962321700','318711786889','Sed quo hic.','Ut pariatur maiores officia quo nesciunt neque. Est adipisci quidem voluptatem excepturi. Perferendi'),
('37','371278324407','2002702154','328665060619','At illo officia tempore in.','Quas delectus repellat enim ea eius repudiandae quis. Ullam illo itaque unde. Ut sunt ut perferendis'),
('38','371637958253','2030016574','386831276723','Soluta atque et.','Excepturi corporis voluptatibus voluptatum illo dolor quod et. Est corporis officiis et aspernatur m'),
('39','388353953738','2035006032','390716936353','Nisi et temporibus.','Similique repellendus ut explicabo incidunt. Corporis blanditiis eos mollitia id quasi similique. Du'),
('40','395279871997','2079640734','401413383222','Asperiores optio alias.','Ratione atque voluptates minima accusantium sunt in nobis. Placeat sint culpa dolores facilis incidu'),
('41','412027701141','2106751470','409263381101','Pariatur necessitatibus adipisci.','Qui officia temporibus odio sit eaque. Et quidem aut asperiores optio laborum et placeat. Eos earum '),
('42','447927974882','2116669104','412962612033','Deleniti quo error voluptate.','Consectetur vitae rem enim odit. Dolores expedita consequuntur voluptatem. Est qui sit qui. Ipsum de'),
('43','451022500111','2147483647','422152525378','Quo aliquid quos.','Distinctio sunt similique quia ipsa facere. Eos qui distinctio rerum quae tenetur itaque.'),
('44','457208273233','2147483647','424018420554','Nisi ut aut.','Aut soluta quo aut sunt sint amet. Assumenda labore numquam placeat numquam est quo consequatur sapi'),
('45','484131115217','2147483647','440970885719','Non quis sit.','Magnam repellendus aut ut esse atque non doloremque. Ipsum nulla dolore odio qui inventore eos repud'),
('46','498672487586','2147483647','441464648348','Officia commodi praesentium voluptatem.','Libero sit illo cumque eveniet et quibusdam tempore. Dignissimos debitis voluptas optio porro tempor'),
('47','499158111819','2147483647','450279965897','Sed qui ratione vero.','Ex ea quae est quis id ex fugiat. Illum explicabo ab consequatur ad voluptatibus enim voluptate. Con'),
('48','499436264812','2147483647','454323483605','Ea earum iste quis corporis.','Laboriosam sit sunt sed unde deleniti et et. Voluptas est ipsam repellat laudantium tempore. Ut mole'),
('49','499871564354','2147483647','484508957726','Omnis praesentium suscipit.','Harum ratione quis rerum eum est hic velit. Deserunt neque ipsum culpa itaque corrupti aliquam. Duci'),
('50','500863751175','2147483647','486902475164','Eum magnam eum fuga.','Dicta et autem et illum harum. Eligendi quisquam est rerum veritatis debitis. Asperiores quam dolore'),
('51','506800378233','2147483647','501121745560','Ex voluptas amet.','Earum quis exercitationem voluptas dignissimos aut qui. Non occaecati qui est quis nisi accusamus so'),
('52','508091419195','2147483647','508845290707','Quaerat totam ut.','Ipsam minus perspiciatis architecto quia omnis. Consequatur nesciunt nesciunt vitae assumenda et rep'),
('53','523487390950','2147483647','527144899184','Quisquam qui sint quo.','Iste accusantium eveniet officiis dolor. Eos debitis exercitationem alias cum saepe saepe. Eos ratio'),
('54','529978178433','2147483647','551520065345','Dolorem qui odio.','Dolorem sed architecto tempore amet. Maxime iure fugiat alias suscipit. Error consequatur deleniti v'),
('55','549624979660','2147483647','552934373282','Itaque est voluptatem maxime.','Id aut voluptatibus aut sed occaecati et. Qui labore enim placeat omnis quis. Dolore qui quibusdam e'),
('56','559212555363','2147483647','567478570625','Molestias inventore inventore nisi.','Recusandae officia explicabo rerum ut fugiat. Sint exercitationem dolorem perspiciatis eligendi opti'),
('57','574236579593','2147483647','572655903607','Voluptas voluptas id soluta.','Consectetur reprehenderit est sunt eveniet modi praesentium. Ut voluptas consequatur consectetur tot'),
('58','578889031416','2147483647','580172685767','Et et sit fugit.','Quia quis sed est debitis sed sunt. Fugit in provident quia harum. Nobis quam illum in ea. Optio per'),
('59','599112859930','2147483647','590647087424','Omnis autem.','Esse a illo et sed. Et odit similique nesciunt nisi. Et distinctio veniam aut impedit ratione ipsum.'),
('60','619842173614','2147483647','598273915195','Quisquam sint deserunt.','Voluptas laborum dolor quisquam maiores quasi est doloribus. Aut soluta rerum illo laudantium natus.'),
('61','624359682296','2147483647','620775782061','Ab et quia quam natus.','Eum ea sunt aspernatur voluptas consequatur. Reiciendis aut est qui modi vitae laudantium quo. Et ma'),
('62','638505331845','2147483647','631675391082','Quam itaque voluptatem in.','Dolor aut voluptatem molestiae adipisci nemo explicabo nulla. Aut consequatur similique et sit totam'),
('63','640451321840','2147483647','632771640992','Sunt corrupti eaque.','Provident et maxime laboriosam dolorem. Qui quod voluptatibus fugiat velit aliquam ducimus. Minus ne'),
('64','651773617329','2147483647','640270909649','Vel qui amet atque.','Quae maiores dolore totam ducimus doloribus. Vero quae ut rerum rerum. Aut aut hic hic aut voluptate'),
('65','668258660930','2147483647','648153520071','Officiis dicta quia totam.','Repellat quasi aperiam assumenda voluptates. Aliquid minus dolorem impedit sunt animi.'),
('66','677128713526','2147483647','652214057957','Sint officiis praesentium aut hic.','Harum aut eius ex et dolorum vel nam. Sint cumque amet perspiciatis quidem. Aspernatur dignissimos p'),
('67','677139619560','2147483647','654035166109','Alias ad cumque.','Molestiae rerum velit iusto dolorum odio esse praesentium deserunt. Reprehenderit vel impedit nesciu'),
('68','720934027136','2147483647','662094550134','Molestiae rem nihil.','Qui culpa doloremque possimus sed quis voluptas. Molestias ut perspiciatis expedita nostrum. Sunt qu'),
('69','721023599405','2147483647','677246759140','Ratione sed aut consequatur cumque.','Vel excepturi enim ab placeat illum modi. Facilis quo cumque aut.'),
('70','724582148971','2147483647','684627557193','Et consectetur et omnis est.','Enim occaecati error rem nulla. Ut eaque magnam rerum sequi fugit distinctio. Qui dolorum omnis cupi'),
('71','736760465362','2147483647','694470379212','Eum quo.','Ipsam voluptates ea fugiat aliquid numquam impedit. Debitis quo consequatur amet quia quaerat. Ipsum'),
('72','736902253846','2147483647','695693358869','Sint voluptatem impedit.','Aut iure deserunt qui deleniti rerum eius. Dicta iste corrupti ipsa dolores iste unde et qui. Corpor'),
('73','741836394814','2147483647','705449630282','Eaque sit occaecati dolor.','Rerum ad non velit unde iste. Sed et dolor possimus aspernatur at accusantium dolore. Totam blanditi'),
('74','743386040083','2147483647','715908628829','Rerum et error.','Sit nihil unde excepturi quia. Non ea sit et delectus quis. Corporis dignissimos ullam non.'),
('75','745067336645','2147483647','724071063769','Est tenetur in sed.','Doloribus quis et sit. Laboriosam id labore quis placeat sapiente voluptas eum delectus. Ipsa ea ex '),
('76','752452733864','2147483647','731474567021','Aspernatur magni autem velit.','Aperiam quos voluptate sit. Sint ab nemo quidem incidunt perspiciatis quidem sequi. Ut fugit impedit'),
('77','769180093656','2147483647','743314275946','Odit voluptas necessitatibus aperiam dolore.','Animi esse minima rerum. Vel dolores impedit aut voluptas sapiente autem. Placeat dolorum iusto impe'),
('78','774224471758','2147483647','772368129264','Recusandae voluptas sed sequi.','Quos porro ut deleniti at dicta debitis. Est distinctio id molestiae qui molestiae. Velit dolores se'),
('79','784460045580','2147483647','774096358432','Tempora ipsa omnis laborum.','Voluptatum soluta quia nihil occaecati est iure enim. Velit deleniti occaecati soluta nihil.'),
('80','788717833551','2147483647','778903320598','Laboriosam velit facere accusantium.','Sed est non quas dolorum placeat maxime. Et dolor rerum sit ratione nulla qui doloribus.'),
('81','802374294885','2147483647','782670915755','Impedit at consequatur sapiente.','Accusantium dolor et possimus tenetur est quos. Eos qui adipisci soluta temporibus et. Inventore sed'),
('82','809204732156','2147483647','783279055170','Tempora voluptatem nisi magni.','Tempora aperiam sed dolorum ut blanditiis at dolore modi. Illo voluptas quo nihil ea. Voluptatem cor'),
('83','816772189622','2147483647','789768598325','Adipisci ab dicta modi.','Ea aliquam cupiditate reiciendis sit magni. Rerum nisi nihil eos placeat nam ex inventore. Nostrum s'),
('84','818643318600','2147483647','792927555792','Ea dolorem amet.','Velit in autem harum laudantium laudantium. Sit et quos nulla quo autem non et. Quod beatae voluptas'),
('85','826197602275','2147483647','807811914863','Aut sed fugiat et.','Ut minima aut iure quo ea consequatur et. Ut sed id nemo sunt maxime. Magni eos inventore cumque ips'),
('86','844691664535','2147483647','850824573204','Eos autem maiores.','Corrupti tempora minima qui aut dolores. Ad doloremque vitae molestias dolores autem hic. Consequunt'),
('87','845081174156','2147483647','859231326124','Laboriosam eveniet.','Est fugiat voluptatem error et consequatur accusamus sint. Necessitatibus ratione ut id aliquam haru'),
('88','849959212428','2147483647','888560794185','Dolor fugit repellendus culpa necessitatibus.','Rerum repudiandae et ratione. Debitis sed quae voluptas incidunt repellendus.'),
('89','894754020351','2147483647','898472998653','Quod enim laborum a.','Illum nemo corrupti rerum in et sint. Sit cumque expedita nemo aut voluptatibus. Qui quo voluptate s'),
('90','904488949870','2147483647','903968564588','Sit dolores voluptatem deserunt itaque.','Facere delectus assumenda illum aut delectus et. Quasi architecto ipsum exercitationem ducimus. Quae'),
('91','914747685568','2147483647','906597745725','Molestiae iure non aliquam.','Odio a alias et distinctio. Illo voluptatem ducimus deserunt vel sunt ipsam. Et necessitatibus exerc'),
('92','918787602752','2147483647','915669250967','Et aut iusto consequatur et.','Fugit id aut occaecati sunt. Voluptates atque numquam velit cum. Et laboriosam et eaque earum. Vero '),
('93','932194460763','2147483647','945290552811','Aliquam dolorum totam ipsa.','Autem explicabo sit consequuntur recusandae esse est. Fuga et aut amet. Excepturi molestiae velit co'),
('94','936934731370','2147483647','960130995721','Qui tempora eos.','Ut reprehenderit non perferendis eveniet aliquid molestias. Voluptatem voluptas officia et veniam li'),
('95','969565363449','2147483647','962435019401','Sit dignissimos consequatur.','Veritatis nemo id omnis. Asperiores doloremque suscipit rem quam voluptatem. Doloremque deleniti neq'),
('96','972746910756','2147483647','964823529401','Est ratione consequuntur doloremque.','Aut sit vitae ullam expedita consequatur quod harum. Deleniti quia aut voluptatem laboriosam nihil. '),
('97','982117054282','2147483647','975779212544','Ut tempore consequuntur dicta.','Ut beatae architecto ut harum quia. Soluta voluptatum cupiditate perspiciatis eveniet possimus praes'),
('98','983744863439','2147483647','979818221180','Modi qui eaque esse.','Voluptas dolor dolorum fugit error assumenda qui. Hic sequi voluptates illo alias voluptatum quod ve'),
('99','990916421268','2147483647','989408105618','Recusandae consequatur laudantium.','Fugiat quos qui distinctio consequuntur dicta necessitatibus debitis. Facilis praesentium odio simil'),
('100','994116080518','2147483647','994151279616','Deserunt voluptatem ullam totam voluptas.','Dolore vitae sint fugiat nisi. Omnis et eaque quo in. Voluptate et labore eos repellat aperiam.'); 






INSERT INTO LabRequest VALUES ('1','004583959839','2018-10-24 14:24:45','0'),
('2','022728922753','2018-10-24 10:21:32','1'),
('3','077956590116','2018-10-25 12:16:18','0'),
('4','082888880540','2018-10-18 13:58:17','1'),
('5','086235033308','2018-11-08 17:59:28','1'),
('6','100507203084','2018-11-01 14:29:03','0'),
('7','106475645058','2018-10-11 02:53:02','1'),
('8','107301285193','2018-10-25 14:08:27','0'),
('9','107861467829','2018-10-22 08:37:10','0'),
('10','109031325312','2018-10-19 11:38:19','0'),
('11','116622856543','2018-10-26 08:00:23','0'),
('12','116881611269','2018-10-23 06:14:23','0'),
('13','129484760853','2018-10-24 22:41:24','1'),
('14','132958213966','2018-11-01 18:06:01','1'),
('15','165900508809','2018-10-31 00:03:45','0'),
('16','190658518379','2018-10-11 15:06:41','0'),
('17','196068075342','2018-10-17 04:38:27','0'),
('18','241628859442','2018-11-02 02:32:06','1'),
('19','269584096440','2018-10-11 00:42:25','1'),
('20','273937294310','2018-10-22 05:17:05','1'),
('21','314879520824','2018-10-17 21:09:56','0'),
('22','318299110094','2018-10-29 04:47:07','0'),
('23','324968425394','2018-11-04 22:42:33','0'),
('24','342281565046','2018-11-09 18:08:17','1'),
('25','349230144721','2018-11-06 06:43:54','1'),
('26','362638677552','2018-10-27 04:14:05','0'),
('27','385384310067','2018-10-24 02:11:25','0'),
('28','386823764093','2018-11-01 01:49:15','0'),
('29','393212738979','2018-10-19 06:17:27','1'),
('30','410955670153','2018-11-01 01:51:06','0'),
('31','412053796735','2018-11-01 01:34:01','0'),
('32','419839004234','2018-11-04 08:30:31','0'),
('33','423541437411','2018-11-06 06:29:55','0'),
('34','444105885856','2018-10-31 13:12:42','1'),
('35','448021293389','2018-10-16 01:44:04','0'),
('36','462737054460','2018-11-01 14:50:24','1'),
('37','477216453287','2018-11-06 10:06:03','0'),
('38','486773936267','2018-10-25 02:48:42','1'),
('39','492103580326','2018-10-24 04:58:43','0'),
('40','495090079158','2018-11-09 16:42:39','0'),
('41','498885091571','2018-10-14 14:23:47','1'),
('42','500641400132','2018-10-13 20:19:06','0'),
('43','502633700726','2018-10-17 16:09:12','0'),
('44','503568199141','2018-10-22 18:58:48','0'),
('45','505200916534','2018-10-25 18:44:03','1'),
('46','508142561830','2018-10-24 11:18:25','1'),
('47','511269537811','2018-10-30 14:16:54','0'),
('48','512863509560','2018-10-17 20:23:54','1'),
('49','520331946638','2018-11-02 01:44:05','0'),
('50','546225199152','2018-10-12 14:18:06','1'),
('51','546386720375','2018-10-16 00:01:20','0'),
('52','552949932412','2018-10-30 20:42:51','1'),
('53','561302379188','2018-10-31 12:21:47','0'),
('54','578643773981','2018-10-22 06:20:12','0'),
('55','591554402945','2018-10-25 10:37:24','0'),
('56','594773783438','2018-10-14 17:48:47','0'),
('57','602211610946','2018-10-24 00:36:36','1'),
('58','627648625254','2018-11-10 15:13:49','1'),
('59','629610327640','2018-10-18 02:02:19','0'),
('60','644805859452','2018-11-08 23:54:49','0'),
('61','646299967788','2018-10-25 06:26:26','0'),
('62','652217514458','2018-10-23 05:05:07','1'),
('63','659827980327','2018-11-03 22:36:51','1'),
('64','660824525706','2018-10-11 18:10:05','0'),
('65','662227741653','2018-10-30 11:20:22','0'),
('66','666778401615','2018-10-28 14:49:29','0'),
('67','676012771488','2018-10-19 01:42:37','0'),
('68','676704226194','2018-10-11 10:28:34','1'),
('69','678079507541','2018-11-03 10:25:52','1'),
('70','682734293759','2018-10-29 17:19:31','0'),
('71','699189012866','2018-10-20 18:16:00','1'),
('72','703646765869','2018-10-26 18:45:10','1'),
('73','706446033917','2018-10-27 12:24:25','1'),
('74','718110055634','2018-11-05 16:55:14','1'),
('75','728483788338','2018-10-29 03:51:53','0'),
('76','731140068375','2018-10-26 03:24:47','1'),
('77','739055588662','2018-10-13 01:06:33','1'),
('78','754438114215','2018-10-30 11:52:59','0'),
('79','760898778350','2018-11-09 16:29:06','1'),
('80','769295543304','2018-11-09 08:34:16','0'),
('81','771671256391','2018-10-31 11:09:01','0'),
('82','776775053573','2018-10-17 04:11:24','0'),
('83','781835848389','2018-10-21 20:03:53','1'),
('84','784012599621','2018-11-08 01:39:58','1'),
('85','784569191461','2018-10-23 09:42:01','1'),
('86','793633037050','2018-10-11 13:58:32','1'),
('87','805482378671','2018-11-08 10:08:12','1'),
('88','820396139175','2018-10-21 12:16:29','1'),
('89','821820159561','2018-10-30 12:28:02','1'),
('90','828135547031','2018-11-06 05:38:24','0'),
('91','830886612332','2018-10-27 06:11:41','0'),
('92','860558106483','2018-11-08 00:23:35','1'),
('93','880777521372','2018-11-05 17:33:34','0'),
('94','911244071110','2018-11-08 16:29:07','1'),
('95','914043039380','2018-10-17 05:04:37','0'),
('96','927797796553','2018-10-22 17:42:35','1'),
('97','953574071504','2018-10-23 14:17:48','0'),
('98','957230794152','2018-10-26 07:24:35','0'),
('99','961899497262','2018-10-20 02:10:06','0'),
('100','978843142301','2018-11-09 10:22:29','1'); 






INSERT INTO LabResponse VALUES ('1','1','http://murazikwaters.com/','Qui ullam suscipit tenetur placeat quia illum. Ut beatae iste quisquam dolor sit iste. Mollitia numq','2018-10-18 10:04:26'),
('2','2','http://kulas.com/','Et dolores inventore eum autem corporis occaecati. Laboriosam eos ab sunt quaerat nostrum harum. Et ','2018-10-20 20:57:16'),
('3','3','http://hillsbuckridge.com/','Explicabo placeat voluptatem natus. Et totam accusamus harum fugit ullam. Enim odio delectus id minu','2018-11-02 05:48:57'),
('4','4','http://gutkowskicummerata.com/','Voluptas debitis consectetur aut consectetur. Perferendis rerum quidem maiores perferendis dignissim','2018-10-14 01:49:48'),
('5','5','http://boehm.com/','Culpa corporis molestias fuga quidem nulla. Aut saepe et eveniet aut est. Sapiente autem voluptatem ','2018-10-18 04:41:26'),
('6','6','http://friesen.net/','Id aliquam libero itaque omnis et quam perferendis. Vero et dolore minima commodi consequatur delect','2018-10-20 23:05:07'),
('7','7','http://padbergkshlerin.com/','Dolor ullam sequi blanditiis excepturi culpa maiores dolorem quis. Iste repellendus debitis ut itaqu','2018-10-16 07:07:55'),
('8','8','http://www.considine.com/','Repellendus ut non rerum atque unde temporibus dolorum et. Modi a sit quam ipsa id non. Est ipsam qu','2018-11-08 21:09:14'),
('9','9','http://www.wilkinson.biz/','Facere nesciunt quas qui rerum quia. Autem voluptatem est doloribus ut est. Nam libero sunt et dolor','2018-10-16 14:41:35'),
('10','10','http://www.lind.com/','Impedit nam praesentium non adipisci consectetur veniam non. Doloribus voluptatem quia dolore pariat','2018-10-21 04:48:52'),
('11','11','http://bernhardchamplin.com/','Nam excepturi maiores ad. Qui totam quas culpa odit quas aspernatur repellendus enim. Quia recusanda','2018-10-15 01:19:34'),
('12','12','http://moen.info/','Hic quis hic reiciendis laboriosam a omnis. Autem enim unde fugiat nostrum est. Officiis corporis pr','2018-11-07 22:42:26'),
('13','13','http://swaniawskicarter.com/','Ipsam quis placeat quam porro officiis. Labore veniam quis et ut. Qui nihil excepturi vel voluptatem','2018-11-02 21:38:43'),
('14','14','http://www.bartonkessler.info/','Aut id pariatur totam. Earum ea fugit accusamus ut. Eligendi rerum rem est eum corrupti ullam. Rem q','2018-10-14 03:29:08'),
('15','15','http://www.denesik.org/','Necessitatibus nihil fugiat illo eligendi quam. Odit voluptas asperiores non laudantium. Ut et simil','2018-10-11 16:15:00'),
('16','16','http://zemlaklakin.com/','Iusto et ut modi. Voluptatibus aliquid id fugit facilis inventore labore quia. Sed aut accusantium q','2018-11-08 15:22:27'),
('17','17','http://www.mohr.com/','Fugit ipsa qui dolore saepe nihil. Debitis dicta et nihil repudiandae. Animi incidunt ut perspiciati','2018-11-04 16:38:36'),
('18','18','http://www.toymosciski.net/','Suscipit dolore sequi eius consequuntur doloribus illum ratione. Eum rem deleniti fugiat quas at.','2018-10-15 22:35:45'),
('19','19','http://www.oconner.com/','Labore consequatur omnis laudantium magni cupiditate reprehenderit voluptatibus. Dolor consequuntur ','2018-10-11 21:55:48'),
('20','20','http://roberts.com/','Totam repellat nesciunt assumenda rerum ratione animi. Autem quasi magni dolorum ratione reiciendis ','2018-10-30 15:08:09'),
('21','21','http://www.wisoky.biz/','Vero et quos neque harum in occaecati. Ex recusandae labore consequatur doloribus. Laborum quos at n','2018-11-09 18:15:42'),
('22','22','http://www.huels.com/','Ratione eaque voluptatem qui assumenda est laborum voluptatum tempora. Nostrum earum dolor itaque. R','2018-10-23 01:10:52'),
('23','23','http://padbergklein.com/','Natus error ipsa veritatis itaque. Ea ipsa dolor quod dolorem amet et.','2018-11-03 18:31:54'),
('24','24','http://www.ernser.com/','Iste aliquid aut temporibus architecto assumenda ullam. Commodi perferendis molestiae aperiam dolor ','2018-11-06 17:58:17'),
('25','25','http://www.ernser.com/','Harum ab repellendus animi ut et saepe. Qui repellendus dolores et autem autem itaque delectus conse','2018-11-06 06:13:08'),
('26','26','http://weber.net/','Qui ipsum et neque repellat ut est et. Officia nihil molestiae eos qui. Voluptatem ut et sit repelle','2018-10-28 14:06:30'),
('27','27','http://mcdermott.org/','Reiciendis exercitationem quasi maiores. Natus eveniet sint dolorum assumenda sit. Nam amet qui ipsa','2018-10-13 20:07:03'),
('28','28','http://www.kshlerin.info/','Quis voluptatem sed voluptas et rem. Quas necessitatibus aliquam praesentium consequatur perspiciati','2018-10-28 23:33:45'),
('29','29','http://www.mohr.com/','Enim odio dolorum aut. Est vitae iusto ut et animi. Inventore distinctio aliquid officiis necessitat','2018-10-23 07:44:19'),
('30','30','http://www.harvey.biz/','Sunt minima sit tempora doloremque accusantium esse. Enim mollitia nemo dicta corrupti. Ipsam eos si','2018-10-11 20:46:31'),
('31','31','http://www.maggio.org/','In numquam ullam sed veritatis voluptatem voluptas nesciunt. Non sint amet enim in. Ut architecto ab','2018-11-01 20:49:51'),
('32','32','http://nicolas.biz/','Voluptates incidunt beatae corporis aut dolores. Aliquid quis tenetur eius nihil quas fugiat ea. Non','2018-10-29 17:31:19'),
('33','33','http://bogan.com/','Quia ut maxime perspiciatis voluptatum eum. Blanditiis velit est facere et tempore et quidem suscipi','2018-11-03 01:45:50'),
('34','34','http://boyle.net/','Ea voluptas molestias qui placeat. Ad nihil est deleniti. Assumenda ratione sit similique at error d','2018-10-19 22:33:22'),
('35','35','http://koelpinhirthe.org/','Dolores quasi iure similique rerum. Eos eum nulla tenetur et et. Minus ratione commodi accusantium e','2018-10-24 12:52:29'),
('36','36','http://reilly.info/','Expedita cupiditate sit qui culpa recusandae velit porro quo. Quam ipsam illum ut velit sint. Earum ','2018-11-07 07:48:38'),
('37','37','http://www.keeblerhayes.com/','Cumque adipisci labore corporis adipisci eligendi explicabo molestias. Blanditiis architecto molesti','2018-10-12 18:22:15'),
('38','38','http://bogisichschmidt.biz/','Et beatae voluptas tempora esse cum veniam. Dolorem et aperiam omnis deserunt. Autem mollitia aut et','2018-10-26 17:20:27'),
('39','39','http://hackett.com/','Aut dolorem vel quia commodi deleniti non autem. Eos dolore harum cupiditate. Harum cum repellendus ','2018-10-26 17:16:25'),
('40','40','http://www.prohaska.com/','Culpa iure id quos deserunt voluptatibus nulla. Pariatur reiciendis quia qui earum. Non exercitation','2018-10-15 20:37:50'),
('41','41','http://rowe.info/','Officiis maiores deleniti ipsum dolores repellendus consectetur eos. Est omnis eaque qui. Labore neq','2018-10-14 18:11:42'),
('42','42','http://spinka.org/','Numquam eaque nulla facilis dolore corporis vel non et. Velit ipsa iusto occaecati nostrum sunt aut.','2018-10-15 10:12:32'),
('43','43','http://www.feest.biz/','Reiciendis facere architecto officia doloremque ratione. Voluptatem et autem adipisci est tempore et','2018-10-26 23:47:21'),
('44','44','http://www.reichel.com/','Velit voluptatem beatae vitae aut numquam sint. Est esse consequuntur reprehenderit similique sint i','2018-10-19 14:17:04'),
('45','45','http://www.quitzon.info/','Quo et aut corporis pariatur perferendis dolorem. Eum molestias quo facere vitae iusto reprehenderit','2018-10-14 11:50:32'),
('46','46','http://www.weimannrodriguez.com/','Eum magnam ullam nam autem ratione. Et quia quasi id molestiae quasi. Quisquam ut quia commodi cupid','2018-11-10 01:25:18'),
('47','47','http://www.herzog.com/','Et sed sunt saepe deleniti nobis et. Officiis quod cupiditate magnam quasi dolorem. Sit esse sint od','2018-11-06 09:31:27'),
('48','48','http://bode.org/','Et animi et aut voluptate. Tenetur similique ex cumque. Aspernatur officia mollitia ex voluptatem el','2018-10-14 20:24:57'),
('49','49','http://murazik.com/','Nemo et sed dignissimos aut ut sed. Illo fugit tempora aliquam est voluptates nihil quae. Optio dign','2018-10-28 07:58:14'),
('50','50','http://ritchie.com/','Dolorem nisi qui eaque aliquam ut. Assumenda cum vel ducimus magni quaerat reprehenderit porro. Quos','2018-10-31 05:43:57'),
('51','51','http://runolfsdottir.com/','Libero quod aut id id. Eaque est suscipit sunt quasi eius. Dignissimos dolores labore aut odit ad.','2018-11-01 07:56:04'),
('52','52','http://haag.info/','Et cupiditate veniam consequatur consequatur exercitationem. A pariatur et nesciunt illum dolorum ra','2018-10-31 22:07:55'),
('53','53','http://mohr.net/','Sit rerum libero vero ut placeat quasi. Expedita ab maiores provident illum. Culpa modi minus explic','2018-11-05 16:50:12'),
('54','54','http://runolfsdottir.org/','Minus dicta molestiae ex adipisci. Dignissimos doloribus sequi voluptatem nam maxime minima. Digniss','2018-10-29 07:16:46'),
('55','55','http://www.mclaughlinhansen.net/','Aliquam et dolor in voluptatum natus at est. Rerum facere sequi alias explicabo consequuntur alias q','2018-10-17 21:21:16'),
('56','56','http://www.schultz.com/','Veritatis dolore vero repudiandae. Vel repellat sunt eos. Nihil qui soluta vero excepturi expedita e','2018-11-03 09:41:01'),
('57','57','http://www.wilkinson.org/','Porro provident omnis voluptatum earum porro voluptatem. Quo eum iusto in. Nobis iste at ipsum ipsa.','2018-10-31 07:21:39'),
('58','58','http://www.wolfcorkery.net/','Fugit voluptate autem qui consequatur saepe aspernatur sit. Voluptas distinctio qui dolorem voluptas','2018-11-09 16:16:59'),
('59','59','http://www.osinski.com/','Qui porro tempora id. Amet voluptatum numquam rerum temporibus voluptatibus quas. Quam veritatis ad ','2018-10-24 10:31:41'),
('60','60','http://www.dare.info/','Dolorem eos eveniet quisquam et quaerat laudantium. Aut voluptatum corporis nostrum expedita aut quo','2018-10-22 12:03:14'),
('61','61','http://www.emard.com/','Rerum tempore explicabo quo nam quia eligendi qui. Porro reiciendis aperiam ut illum commodi qui. Un','2018-11-09 10:24:23'),
('62','62','http://www.marvin.org/','Non vel voluptatibus eum quam placeat tempora. Iste blanditiis sunt distinctio molestiae accusamus. ','2018-11-02 22:28:40'),
('63','63','http://www.blick.com/','Aut est est rerum quia sed quia. Et fuga itaque dolor quis non. Recusandae cupiditate nobis eum cons','2018-10-21 20:08:34'),
('64','64','http://lehner.com/','Vitae excepturi quae consectetur voluptas fugiat qui. Error quia eos perspiciatis architecto qui per','2018-10-20 11:06:46'),
('65','65','http://kihn.info/','Sed dolores omnis culpa. Voluptatum labore accusantium laborum porro et consequatur. Expedita reicie','2018-10-14 20:03:50'),
('66','66','http://www.boyle.net/','Rerum laborum unde at quo cum. Ratione animi vel quaerat ab. Et voluptatem deserunt eligendi sed eve','2018-10-17 22:49:53'),
('67','67','http://www.feest.com/','Quod expedita est incidunt. Dolorem porro vel quo dolorum sit. Consequuntur laborum aspernatur reici','2018-10-29 18:06:55'),
('68','68','http://www.wyman.com/','Voluptatum non autem voluptas eveniet. Laboriosam dolor non sed magnam aut. Consequatur nihil nobis ','2018-10-12 13:57:26'),
('69','69','http://www.reichertvon.org/','Deserunt enim animi eaque adipisci. Autem et harum voluptate saepe magni consequatur dolore. Dicta e','2018-10-21 11:07:58'),
('70','70','http://langworth.net/','Nemo molestiae eius sed eligendi ratione. Eum consequuntur illo nam culpa quia alias et dolor. Hic s','2018-11-06 09:52:07'),
('71','71','http://haag.com/','Aut et porro aliquid omnis voluptatibus. Consequatur et velit quo velit eius pariatur. Placeat eaque','2018-10-21 17:56:52'),
('72','72','http://bogisich.com/','Explicabo possimus possimus ea aut nemo. Quibusdam harum ullam odit esse error ad necessitatibus ali','2018-10-24 00:11:55'),
('73','73','http://www.marquardt.biz/','Minus in ipsa laudantium in maxime eos dolor. Ipsum aut facilis est. Sequi reiciendis voluptatibus q','2018-10-24 02:45:48'),
('74','74','http://www.kris.com/','Molestiae quae nihil repellendus repellat illo maxime laudantium. Doloribus eveniet blanditiis est m','2018-10-23 05:11:25'),
('75','75','http://leffler.com/','Rerum nihil dolores magni fugit maxime minus nesciunt. Et in harum aut reiciendis.','2018-11-06 19:43:19'),
('76','76','http://www.predovic.com/','Eum sed sequi molestiae velit. Molestiae unde reiciendis aut eos voluptatibus. Nobis ipsa voluptatum','2018-10-12 01:33:55'),
('77','77','http://www.emmerich.org/','Odit iure consectetur non officiis nihil iste. Mollitia ut voluptatem maxime facilis perspiciatis. A','2018-11-03 03:46:12'),
('78','78','http://www.boehm.com/','Vero et tempora consequuntur sunt. Tenetur architecto deserunt qui nulla quasi explicabo. Earum quia','2018-10-11 09:37:05'),
('79','79','http://pagac.info/','Non aut et repellat voluptas. Sunt illo sed fugit asperiores tenetur maiores.','2018-10-29 23:08:16'),
('80','80','http://www.mclaughlin.com/','Id excepturi nulla assumenda omnis ex recusandae. Voluptatum ut laudantium veniam sunt esse. Autem t','2018-10-21 20:33:07'),
('81','81','http://rosenbaum.info/','Aut voluptas enim ad laborum nostrum consequatur cupiditate. Quo quis iure odio in delectus. Et inve','2018-11-03 02:34:51'),
('82','82','http://jenkins.net/','Quo provident harum quia qui non ratione. Fugit molestias explicabo nostrum sed odit est rerum. Veni','2018-10-22 22:37:59'),
('83','83','http://www.berge.info/','Reiciendis dolorum earum quasi itaque et natus. Est et rerum et consequatur consequuntur cumque face','2018-11-03 15:47:04'),
('84','84','http://www.stammskiles.net/','Autem in rem aperiam dolores eos. Consequatur numquam autem aut et. Molestias quisquam voluptates re','2018-11-04 03:36:32'),
('85','85','http://robel.com/','Modi dolorem velit eum animi mollitia. Voluptatem eos et at laudantium. Voluptas aperiam minus dicta','2018-10-26 19:23:17'),
('86','86','http://www.hammesgorczany.net/','Dolores qui aperiam ducimus ducimus omnis est. Qui nihil fugiat ut mollitia in non. Asperiores vero ','2018-11-07 05:36:11'),
('87','87','http://www.labadie.com/','Ut quis voluptatem id maxime. Impedit reiciendis sunt et iure facere tempore. Asperiores ad quam omn','2018-10-21 06:22:24'),
('88','88','http://www.shields.net/','Asperiores quia sit recusandae accusantium est eos rem. Enim rerum autem delectus eum. Consectetur e','2018-10-24 11:01:55'),
('89','89','http://www.jaskolski.com/','Asperiores adipisci quis qui iure autem sit. Illo quos qui illo ducimus ipsa consequatur doloribus. ','2018-10-26 03:29:36'),
('90','90','http://www.howell.com/','Magnam quo corrupti minima repellat eligendi qui. Repellat eos quis in sed expedita nesciunt. Aut au','2018-10-30 23:20:27'),
('91','91','http://www.mueller.biz/','Quam velit voluptatem eos. Dolorum sed voluptas iusto adipisci vel. Est velit laboriosam dolor. Dolo','2018-11-10 11:00:45'),
('92','92','http://www.parker.com/','Magni quis eius sint ducimus ab. Nisi incidunt aperiam quo reiciendis deserunt quasi aut. Voluptatum','2018-10-25 03:21:26'),
('93','93','http://grimes.com/','Et molestiae cumque porro et qui. Error omnis voluptatem incidunt.','2018-10-20 21:18:07'),
('94','94','http://www.bechtelar.com/','Architecto dolore sunt excepturi. Aut magnam eveniet ut eligendi voluptas quasi. Consequatur est mag','2018-11-06 16:01:06'),
('95','95','http://www.bartell.com/','Quam assumenda aut dolore vitae consequatur sint vel. Aperiam quam ipsum ipsum ab. At dolorem offici','2018-11-04 03:39:48'),
('96','96','http://www.legros.info/','In veniam et esse atque reprehenderit et. Veritatis rerum aut ipsum sint ut.','2018-10-15 06:07:51'),
('97','97','http://www.yost.biz/','Explicabo non aliquid sit provident. Tempore iure non quia sed. Qui voluptatibus porro nihil laudant','2018-10-24 10:37:45'),
('98','98','http://dubuque.info/','Sint qui suscipit suscipit qui dolor. Neque maxime sed eius alias aperiam.','2018-10-17 06:11:34'),
('99','99','http://cruickshankoconnell.com/','Illum voluptatem odio rem eos ea dolor. Odio nihil inventore maiores dicta. Facilis debitis veniam e','2018-10-17 03:38:01'),
('100','100','http://www.hahnleffler.com/','Illo tenetur nihil perferendis voluptate ratione repellendus. Sunt aut ipsa inventore perferendis co','2018-10-24 09:28:21'); 






INSERT INTO DoctorFeedback VALUES ('1','1','001831940407','000970023012','Perspiciatis sed dolore delectus cupiditate deleniti. Ipsa quibusdam neque impedit quasi cupiditate '),
('2','2','024495747369','012666212046','Voluptatum necessitatibus est velit ab. Saepe consectetur nisi consequatur vel quis totam repellat. '),
('3','3','035401802401','019545989819','Ut possimus amet quo. Non repudiandae laudantium reprehenderit delectus autem dolores dolores. Excep'),
('4','4','040625987046','063034763503','Amet quos praesentium numquam consequatur eum. Voluptas est ex enim quisquam facilis expedita. Nam e'),
('5','5','047698736375','065531852208','Sequi quae sed culpa quaerat. Distinctio nihil hic autem ad et laborum.'),
('6','6','064619065237','091211760530','Enim saepe sunt ipsum accusamus sit eius omnis. Sequi qui qui perferendis voluptates voluptatem quas'),
('7','7','070449022298','129856840045','Eius culpa dignissimos eos quae soluta explicabo. Harum dolores ipsa eius quia. Dignissimos fugiat f'),
('8','8','078562564725','139024238170','Consequuntur odio aperiam inventore rerum ea. Delectus autem officiis nulla aliquam aut nihil debiti'),
('9','9','086066682872','142317848239','Non quia deleniti rerum iste voluptates temporibus quia. Excepturi culpa id architecto enim mollitia'),
('10','10','095231180131','163392269679','Molestiae facere tempora laudantium id ut reprehenderit. Repellat et earum et quo illo magni.'),
('11','11','101106120026','177000602056','Velit dolor occaecati voluptas animi velit repellendus nam. Corrupti tempore corporis omnis asperior'),
('12','12','106405308058','180703833087','A quas sit distinctio enim accusantium ab. Est eligendi perspiciatis facere ea accusamus quae laboru'),
('13','13','112592304075','201027198066','Dolor doloribus dolor sed enim tempora. Sint temporibus repudiandae a perferendis. Modi hic nisi bea'),
('14','14','113194825953','214114681341','Esse rem voluptate quos quia. Facilis qui totam amet aut nihil. Maxime qui quia quidem omnis. Offici'),
('15','15','126505741189','218810702702','Dolores qui quisquam quia sequi quaerat praesentium animi molestiae. Qui qui velit culpa ex voluptat'),
('16','16','128470619118','229385298215','Laboriosam et ad est facilis molestias et et. Ut quia eveniet perspiciatis ut quia eum. Blanditiis u'),
('17','17','155362132722','237557387624','Excepturi rerum vero voluptates omnis. Eum voluptas nihil alias nihil. Quam sed adipisci aut aut acc'),
('18','18','155615106751','240460789560','Reiciendis aperiam labore velit. Maiores id labore et consequatur sit corporis qui culpa. Rerum fugi'),
('19','19','163817056900','258863965617','Vero perspiciatis voluptatem magni qui autem molestiae. Non asperiores magni totam eos et aliquam un'),
('20','20','174561839813','260005350269','Expedita et cumque qui ea quis. Ipsam sint inventore saepe illo qui necessitatibus earum.'),
('21','21','182170887578','264848416358','Ad iste praesentium quisquam deserunt provident corrupti. Corrupti distinctio aut sed. Aut saepe aut'),
('22','22','182695511649','279066017321','Quis deleniti quia aut optio similique ut vitae. Consequuntur occaecati exercitationem quod quasi. T'),
('23','23','192864798254','279487174617','Ullam occaecati eveniet laborum recusandae libero ut est qui. Hic et beatae quis libero. Eaque at si'),
('24','24','197831865479','298931492538','Neque voluptas dolores consequuntur ut laborum modi porro. Dolores repudiandae optio tenetur nulla m'),
('25','25','214462377286','306821830103','Non mollitia et soluta quisquam ipsa. Doloremque officia vero tempore officia non quaerat qui. Qui u'),
('26','26','243416026582','307740443119','Ut magni mollitia eveniet rerum tempora. Nostrum optio et dolor incidunt dolore enim. Id et facere e'),
('27','27','259657274861','308771728519','Dolores unde animi officiis perspiciatis non aspernatur. Porro sint praesentium sunt at voluptatum n'),
('28','28','269527525204','315480292826','Ullam facilis necessitatibus exercitationem. Voluptates voluptatem ducimus iure rerum excepturi quae'),
('29','29','269881907899','325404917996','Deserunt voluptates autem cupiditate est eos omnis ducimus velit. Eum voluptas voluptatem quaerat re'),
('30','30','282555462207','339649785218','Accusamus placeat cumque magni sed veritatis. Nihil sed ipsum est dolor voluptatem. Inventore et asp'),
('31','31','282909545453','347781433235','Mollitia sit quaerat eos et beatae error. Maiores dolore ut quisquam corporis placeat minus ut. Qui '),
('32','32','291811727253','349089958866','Qui quasi repudiandae ut ipsum sunt sunt. Sint veniam fugit earum dolor aut quae. Quam eos et aspern'),
('33','33','300294172089','357303125996','Cupiditate ex voluptatem ut. Quis rerum quis quia alias quia.'),
('34','34','300657907839','360579277361','Soluta esse tenetur id a et ea a sit. Est enim distinctio eos voluptatem. Dolor quisquam alias aliqu'),
('35','35','300762076343','361880766659','Inventore distinctio natus magni dolores. Quo illum eum provident labore eum. Et temporibus dolores '),
('36','36','318711786889','363361759770','Non ea rerum laboriosam ut. Iste amet sed qui deserunt fugit repellat. Hic sequi laborum quia volupt'),
('37','37','328665060619','371278324407','Saepe inventore nobis consequatur commodi et dolores. Officiis doloribus in quia cupiditate. Quia ex'),
('38','38','386831276723','371637958253','Similique ea iste ipsa occaecati adipisci. Iure provident fuga repudiandae earum nobis. Voluptas sol'),
('39','39','390716936353','388353953738','Nobis error quae ut numquam. Ut vitae ex sit consectetur nesciunt. Recusandae cum accusantium est qu'),
('40','40','401413383222','395279871997','Tempore sequi praesentium aut totam temporibus. Voluptatem soluta vel libero incidunt ipsam quia dol'),
('41','41','409263381101','412027701141','Quibusdam perspiciatis labore aut sint error aut. Cum nihil ut dicta necessitatibus. Et blanditiis p'),
('42','42','412962612033','447927974882','Nihil sequi porro ut ipsum est enim error doloribus. Ea laudantium accusantium id quas qui. Ut dolor'),
('43','43','422152525378','451022500111','Sint quas voluptas odit sapiente dolores mollitia. Minus odit aliquid autem aperiam. Blanditiis reic'),
('44','44','424018420554','457208273233','Omnis est beatae dolorem impedit. Autem doloribus at in omnis molestias rerum. Reiciendis autem perf'),
('45','45','440970885719','484131115217','Velit reprehenderit quis eum placeat animi. Id harum porro consequuntur quia voluptatem. Aperiam dic'),
('46','46','441464648348','498672487586','Blanditiis non saepe est. Voluptas eligendi nihil veritatis alias illum architecto assumenda. Repell'),
('47','47','450279965897','499158111819','Non cumque dolores id maiores ullam culpa. Repellat distinctio iusto aspernatur deserunt perspiciati'),
('48','48','454323483605','499436264812','Dolorem laborum maxime beatae incidunt. Rerum molestiae voluptas harum tempora labore numquam. Fugit'),
('49','49','484508957726','499871564354','Et eaque soluta omnis vero. Ea quae rerum placeat id sequi. Itaque culpa qui dolor.'),
('50','50','486902475164','500863751175','Eos porro provident optio tempore necessitatibus neque. Debitis et veritatis sint sit consequatur do'),
('51','51','501121745560','506800378233','Voluptatem occaecati nam ullam et est veritatis nobis. Accusamus magnam laboriosam amet fugit. Quod '),
('52','52','508845290707','508091419195','Doloremque deserunt dolor consequatur laborum qui impedit eos. Recusandae iusto quae nemo vel impedi'),
('53','53','527144899184','523487390950','Ut doloremque cumque odio natus voluptatem quam possimus. Et aut ut neque molestias cum.'),
('54','54','551520065345','529978178433','Autem et exercitationem molestiae voluptatum quia. Voluptatem qui rerum ut nesciunt sapiente cumque '),
('55','55','552934373282','549624979660','Sint perspiciatis aut nesciunt aut. Voluptas delectus expedita rerum adipisci qui quia esse. Quod co'),
('56','56','567478570625','559212555363','Fugiat ipsa nulla eos cum et. Et quisquam et nostrum odit aut velit. Ut blanditiis et totam aspernat'),
('57','57','572655903607','574236579593','Ut aut quas accusamus accusamus enim cupiditate nisi amet. Consequatur aut laboriosam natus fugiat. '),
('58','58','580172685767','578889031416','Quam est nisi maiores aut. Velit quia culpa animi quaerat provident rerum.'),
('59','59','590647087424','599112859930','Ab doloremque dolor et natus. Optio enim quia labore neque excepturi. Officiis nihil neque officia a'),
('60','60','598273915195','619842173614','Velit non itaque qui rem saepe totam et. Ad illum similique et et. Ipsam dignissimos pariatur quia.'),
('61','61','620775782061','624359682296','Ipsum omnis numquam voluptatem ab beatae quasi labore. Eos est excepturi officiis dolore sit cum. Re'),
('62','62','631675391082','638505331845','Qui sint autem ullam eos saepe. Et dolor eaque placeat voluptate est est. Aut quo vel quas sint et.'),
('63','63','632771640992','640451321840','Dolores ut numquam ratione quis explicabo sunt. Omnis provident sequi voluptatem iure sapiente. Et e'),
('64','64','640270909649','651773617329','Aliquam laboriosam et non ad. Aut aut qui non et omnis vel ut. Earum animi hic eos eligendi sit assu'),
('65','65','648153520071','668258660930','Blanditiis officia modi adipisci aut sunt modi. Nobis fuga explicabo quidem velit sunt. Itaque animi'),
('66','66','652214057957','677128713526','Occaecati necessitatibus qui consectetur reiciendis eaque reiciendis. Omnis esse aut minima. Ut nobi'),
('67','67','654035166109','677139619560','Amet consequatur facilis ullam. Aliquid nihil quisquam perferendis molestiae. Placeat autem minus qu'),
('68','68','662094550134','720934027136','Labore tempore adipisci placeat numquam neque. Delectus culpa cupiditate odio exercitationem omnis. '),
('69','69','677246759140','721023599405','Fugit et quisquam minima. Reprehenderit autem sed odit quaerat. Voluptatum magni nobis rerum sit id '),
('70','70','684627557193','724582148971','Alias porro doloremque aut nisi ut. Natus in ipsa quis sed et numquam praesentium. Ullam nisi et quo'),
('71','71','694470379212','736760465362','Numquam incidunt enim eligendi asperiores dolor. Ut quod quis enim mollitia explicabo porro cupidita'),
('72','72','695693358869','736902253846','Hic sit non provident qui eveniet. Ex et explicabo delectus. Quia est excepturi odio perspiciatis ve'),
('73','73','705449630282','741836394814','Aperiam laudantium ut doloribus quia aut distinctio rem. Delectus autem beatae mollitia perspiciatis'),
('74','74','715908628829','743386040083','Nisi accusantium hic ut ad. Possimus quis sit aut molestiae veniam voluptatem velit velit.'),
('75','75','724071063769','745067336645','Ratione quia sed odit omnis. In dignissimos excepturi nulla delectus nemo et et quas. Molestias aut '),
('76','76','731474567021','752452733864','Quia modi aliquid sint nam ut occaecati. Sit voluptas eligendi velit sit numquam.'),
('77','77','743314275946','769180093656','Sed quod in optio dolor aut quas. Reiciendis ut et impedit quo rem reiciendis ipsa. Consequatur libe'),
('78','78','772368129264','774224471758','Repudiandae voluptate harum aut quo. Illum natus velit quod minus et magnam et. Beatae enim commodi '),
('79','79','774096358432','784460045580','Et at cum nihil animi amet. Excepturi enim rem dolor vel voluptates et fugit. Ipsam aperiam quo inci'),
('80','80','778903320598','788717833551','Et sequi consequatur dolor aut. Molestiae explicabo iste doloribus modi. Sint porro esse voluptate.'),
('81','81','782670915755','802374294885','Consequatur delectus est rerum asperiores praesentium odit tempora. Neque laborum quam consequatur d'),
('82','82','783279055170','809204732156','Alias iste odit dolor sint porro ut odit ratione. Molestias nihil enim culpa dolorem vel repellat vo'),
('83','83','789768598325','816772189622','Enim sed aut eveniet dolorum molestiae sit voluptate. Ipsa illo adipisci totam laudantium. Et sunt a'),
('84','84','792927555792','818643318600','Eum nobis nihil nulla vel aliquid. Quis aut sint fugiat cumque. Corporis sint quia harum iusto a por'),
('85','85','807811914863','826197602275','Nesciunt et repellat in. Et ducimus consequatur eaque saepe aut consequatur vel. Eos debitis eius vo'),
('86','86','850824573204','844691664535','Error facere et ut ut dignissimos nostrum et. Cupiditate odio qui omnis eaque sed officiis et quos. '),
('87','87','859231326124','845081174156','Sit hic non enim quam. Rerum fugit corporis quam quia. Illum dolorum saepe totam veniam. Est quo rep'),
('88','88','888560794185','849959212428','Ut placeat et in dolor ipsum debitis. Ut qui et dolorum assumenda quidem voluptatem odio quis. Nostr'),
('89','89','898472998653','894754020351','Molestiae illo sed perferendis reiciendis architecto suscipit et. Expedita in dignissimos et culpa q'),
('90','90','903968564588','904488949870','Architecto maxime quod earum laborum dolorem ipsam. Numquam nesciunt suscipit quo nostrum. Modi moll'),
('91','91','906597745725','914747685568','Et asperiores veritatis et corrupti. Doloremque enim dolor ipsum ut officia laborum neque autem. Exp'),
('92','92','915669250967','918787602752','Sed temporibus molestiae alias blanditiis expedita deserunt. Hic quis odio sed qui veritatis nihil c'),
('93','93','945290552811','932194460763','Consequuntur quam modi excepturi porro et est repudiandae. Qui repudiandae aut rerum ad ipsum. A eli'),
('94','94','960130995721','936934731370','Blanditiis placeat quasi qui corrupti voluptates. Corrupti est voluptas voluptatem rerum. Quod quibu'),
('95','95','962435019401','969565363449','Nesciunt sint quis dignissimos nobis vitae. Nobis totam magnam excepturi sed. Eos modi maiores qui r'),
('96','96','964823529401','972746910756','Voluptatem nemo et ut voluptate. Veniam officiis quaerat cumque qui. Ex itaque quibusdam dolorem qui'),
('97','97','975779212544','982117054282','Quae repudiandae enim iusto nulla et alias. Quis numquam vel laboriosam repellendus veritatis. Et vo'),
('98','98','979818221180','983744863439','Dolore nihil aliquid nesciunt consequatur doloribus. Eum sit dignissimos asperiores adipisci aut ill'),
('99','99','989408105618','990916421268','Corrupti aut dolores a nihil ipsa voluptatum. Voluptates praesentium temporibus tempore vero et. Qua'),
('100','100','994151279616','994116080518','Quia ad esse rerum ut. Molestiae facere cupiditate officiis. Totam nulla a repellat.'); 






INSERT INTO MedicineRequest VALUES ('47642352','001831940407','016922216377','2018-10-18 11:56:25','1'),
('53169536','024495747369','055206055818','2018-10-29 11:20:40','1'),
('168041400','035401802401','098057077983','2018-10-12 12:19:03','1'),
('226525584','040625987046','100659791869','2018-11-08 06:05:11','0'),
('237193094','047698736375','110864545752','2018-11-08 17:49:32','0'),
('273938118','064619065237','115153855592','2018-11-04 23:27:41','0'),
('481103242','070449022298','134480199938','2018-11-02 14:46:13','0'),
('482539944','078562564725','142648587599','2018-10-30 20:27:13','0'),
('643257404','086066682872','164429965729','2018-10-17 09:04:43','1'),
('688133426','095231180131','171933196748','2018-10-25 23:23:26','0'),
('715675624','101106120026','178157147547','2018-11-10 08:51:40','1'),
('790677210','106405308058','180081238653','2018-10-10 18:20:30','1'),
('807670640','112592304075','185221192691','2018-10-19 20:50:12','1'),
('829407666','113194825953','187620277431','2018-10-15 20:16:43','0'),
('858784316','126505741189','188762286946','2018-11-03 10:11:09','0'),
('968315362','128470619118','212474848209','2018-10-25 08:25:15','1'),
('1035062042','155362132722','236111043741','2018-10-15 16:08:45','1'),
('1139039638','155615106751','242563276016','2018-10-18 06:51:44','1'),
('1412518376','163817056900','249870333495','2018-10-20 07:57:31','0'),
('1479391730','174561839813','272065133382','2018-10-22 08:05:27','1'),
('1499091378','182170887578','281164083459','2018-10-16 05:36:58','0'),
('1504072992','182695511649','285046783203','2018-11-01 01:07:41','0'),
('1512307146','192864798254','304608034555','2018-11-06 08:36:03','0'),
('1552557822','197831865479','305419505851','2018-11-02 13:04:51','1'),
('1585298228','214462377286','317980651610','2018-10-10 17:28:53','0'),
('1626104316','243416026582','324172696754','2018-10-23 02:18:21','0'),
('1634119496','259657274861','333484367563','2018-10-19 06:31:33','1'),
('1634263908','269527525204','344478322585','2018-10-26 21:33:09','1'),
('1662529646','269881907899','347353825460','2018-10-11 06:11:32','1'),
('1666708376','282555462207','349089482335','2018-10-20 11:13:17','0'),
('1699800008','282909545453','349631412931','2018-10-16 10:14:07','0'),
('1733837940','291811727253','351285873655','2018-10-24 13:22:58','1'),
('1776276278','300294172089','356771026222','2018-10-12 06:55:10','0'),
('1796544808','300657907839','357142196349','2018-11-01 19:38:25','0'),
('1873763196','300762076343','364475685192','2018-11-06 12:45:18','1'),
('1962321700','318711786889','398194647765','2018-11-07 23:24:20','0'),
('2002702154','328665060619','405159597390','2018-10-23 12:19:58','1'),
('2030016574','386831276723','412343799400','2018-11-07 11:44:33','1'),
('2035006032','390716936353','414265160851','2018-10-26 12:55:45','1'),
('2079640734','401413383222','418006048510','2018-10-15 10:56:22','1'),
('2106751470','409263381101','426362898930','2018-10-12 00:08:37','1'),
('2116669104','412962612033','433292229918','2018-10-21 23:20:41','1'),
('2147483647','422152525378','452939075721','2018-11-04 00:41:22','1'),
('2147483647','424018420554','453142820091','2018-10-13 14:50:45','1'),
('2147483647','440970885719','468931642538','2018-10-30 08:55:15','0'),
('2147483647','441464648348','481430880680','2018-10-24 12:15:52','0'),
('2147483647','450279965897','486661172366','2018-10-17 01:58:40','0'),
('2147483647','454323483605','497508222139','2018-11-01 06:43:32','0'),
('2147483647','484508957726','499645014769','2018-10-28 18:23:09','0'),
('2147483647','486902475164','520922466993','2018-10-29 16:06:41','1'),
('2147483647','501121745560','529138935962','2018-11-07 10:43:34','1'),
('2147483647','508845290707','533833399335','2018-10-21 07:00:23','1'),
('2147483647','527144899184','542264991666','2018-11-04 21:09:32','1'),
('2147483647','551520065345','563391473870','2018-10-23 04:23:11','0'),
('2147483647','552934373282','578367654022','2018-10-24 11:02:45','0'),
('2147483647','567478570625','581065257544','2018-10-18 10:09:49','1'),
('2147483647','572655903607','622176521779','2018-10-21 00:54:25','0'),
('2147483647','580172685767','627429125174','2018-11-08 11:09:29','0'),
('2147483647','590647087424','629984594034','2018-10-13 07:14:45','1'),
('2147483647','598273915195','642259435343','2018-10-28 14:10:36','1'),
('2147483647','620775782061','643364255361','2018-10-29 02:08:07','0'),
('2147483647','631675391082','646121571315','2018-10-28 10:32:30','1'),
('2147483647','632771640992','650503428857','2018-11-06 02:41:03','1'),
('2147483647','640270909649','659954141354','2018-10-13 03:25:24','1'),
('2147483647','648153520071','668263503691','2018-10-19 07:01:46','1'),
('2147483647','652214057957','679147103964','2018-10-15 21:32:13','0'),
('2147483647','654035166109','688841474346','2018-11-08 15:12:18','0'),
('2147483647','662094550134','690720676261','2018-11-03 05:55:41','1'),
('2147483647','677246759140','700047695542','2018-10-22 22:32:01','0'),
('2147483647','684627557193','716140787741','2018-10-18 11:09:01','0'),
('2147483647','694470379212','723671492453','2018-10-26 16:35:53','1'),
('2147483647','695693358869','723720739039','2018-10-28 01:05:52','1'),
('2147483647','705449630282','726761993271','2018-11-02 11:48:35','1'),
('2147483647','715908628829','740692212769','2018-10-24 19:25:35','1'),
('2147483647','724071063769','742481327928','2018-10-13 08:29:40','1'),
('2147483647','731474567021','779758227139','2018-10-21 10:41:26','0'),
('2147483647','743314275946','815966804464','2018-11-05 11:27:27','0'),
('2147483647','772368129264','819902849059','2018-11-04 18:50:14','1'),
('2147483647','774096358432','820817278267','2018-10-15 08:25:24','0'),
('2147483647','778903320598','833806308278','2018-10-21 07:44:35','0'),
('2147483647','782670915755','835393434217','2018-10-21 22:08:26','0'),
('2147483647','783279055170','837274726957','2018-10-22 21:23:06','1'),
('2147483647','789768598325','837749412782','2018-10-27 13:32:46','1'),
('2147483647','792927555792','840641005345','2018-11-05 07:54:09','1'),
('2147483647','807811914863','851385386000','2018-10-14 12:01:27','0'),
('2147483647','850824573204','872883626816','2018-10-26 17:49:28','0'),
('2147483647','859231326124','888420222409','2018-10-28 11:16:59','0'),
('2147483647','888560794185','890779377933','2018-10-18 14:27:27','1'),
('2147483647','898472998653','892987130447','2018-11-08 14:47:12','1'),
('2147483647','903968564588','913672672863','2018-11-08 20:52:43','1'),
('2147483647','906597745725','918774410805','2018-11-09 18:33:26','0'),
('2147483647','915669250967','929705197254','2018-10-15 16:34:40','1'),
('2147483647','945290552811','930913501154','2018-10-31 02:02:57','1'),
('2147483647','960130995721','932665834996','2018-11-10 09:44:15','1'),
('2147483647','962435019401','935528607738','2018-10-28 04:57:21','0'),
('2147483647','964823529401','971545898474','2018-11-08 10:39:10','1'),
('2147483647','975779212544','981151220929','2018-11-07 19:59:02','0'),
('2147483647','979818221180','992493905317','2018-10-30 06:48:00','1'),
('2147483647','989408105618','994733858819','2018-10-29 00:06:50','1'),
('2147483647','994151279616','994935793964','2018-10-16 06:27:13','0'); 






INSERT INTO MedicineResponse VALUES ('1','47642352','001831940407','Numquam rem sit qui sequi. Commodi assumenda id asperiores est.'),
('2','53169536','024495747369','Saepe autem officiis non aut. Porro tempore nam laborum harum repellendus. Iusto eligendi blanditiis'),
('3','168041400','035401802401','Beatae ipsum consectetur facere eos repellat possimus repellat. Quo hic reiciendis aut distinctio. Q'),
('4','226525584','040625987046','Minima laudantium autem ut itaque modi eum. Asperiores iusto ut nostrum quo nesciunt sit alias.'),
('5','237193094','047698736375','Natus qui et quaerat qui saepe exercitationem. Velit iure enim quae suscipit. Sed ut quae voluptatem'),
('6','273938118','064619065237','A adipisci sed enim voluptas natus atque. Accusamus labore tempora similique aliquid. Autem exercita'),
('7','481103242','070449022298','Recusandae dolorum odit iste quae aut neque. Dolores aut vero magnam in praesentium harum molestiae.'),
('8','482539944','078562564725','Ex consequatur id quis fugit repudiandae. Qui molestiae harum ad praesentium ipsam sapiente quaerat '),
('9','643257404','086066682872','Voluptatum non aut omnis laboriosam error. Optio repellat ipsam est suscipit facilis natus. Aliquid '),
('10','688133426','095231180131','Quia debitis eos ut et quidem ex. Deleniti quia accusantium mollitia aut. Assumenda delectus animi r'),
('11','715675624','101106120026','Aut rerum veritatis tempore in sunt quibusdam. Perspiciatis non nulla est dolorum dolor fuga odit vo'),
('12','790677210','106405308058','Ipsam itaque in autem omnis quod sed et. Cupiditate illo quis laborum quo assumenda ex. Eveniet assu'),
('13','807670640','112592304075','Ut odio est voluptas eos accusantium. Laboriosam ipsam voluptatibus rerum sapiente. Eius vero ut cor'),
('14','829407666','113194825953','Et aut corporis eveniet recusandae. Nobis et rerum est sed nulla. Optio earum aut mollitia ut aliqua'),
('15','858784316','126505741189','Voluptatem doloremque dolorum laudantium qui eaque. Numquam natus id qui ipsum. Nostrum nostrum labo'),
('16','968315362','128470619118','Quia delectus voluptatum earum. Qui quidem veniam molestias expedita temporibus blanditiis nihil con'),
('17','1035062042','155362132722','Accusamus doloribus quia quis. At qui aut ipsum placeat. Et distinctio laborum eos minima nihil quid'),
('18','1139039638','155615106751','Illum in voluptatem repellat ea. A eos cupiditate et quod laborum modi eos. Rem nostrum rerum assume'),
('19','1412518376','163817056900','Error inventore laborum cum quaerat possimus laudantium. Dolores quam et voluptate. Adipisci iure do'),
('20','1479391730','174561839813','Quia iste laudantium vel sunt optio doloribus sit. Voluptate voluptas et dignissimos culpa ut eos. O'),
('21','1499091378','182170887578','Vel optio perspiciatis quasi dolor quasi et dolor doloremque. Quia quia molestiae architecto et. Min'),
('22','1504072992','182695511649','Quod quam eius autem voluptas vel. Aliquam cumque nulla quo nobis mollitia. Tempora nobis cum atque '),
('23','1512307146','192864798254','Voluptatum quasi quia eos. Nisi et exercitationem et excepturi praesentium. Sunt ea ut itaque iusto '),
('24','1552557822','197831865479','Non in id doloremque sit in. Sed molestias ad explicabo ipsam blanditiis ab.'),
('25','1585298228','214462377286','At voluptatibus sed aliquam voluptatibus perspiciatis placeat. Quidem ducimus voluptatem quia nostru'),
('26','1626104316','243416026582','Maiores laborum id dolorum id qui assumenda dolor et. Aliquid autem et aspernatur voluptatum dolorem'),
('27','1634119496','259657274861','Hic deserunt rerum ipsam. Ad omnis officia voluptas possimus corporis corrupti. Deleniti et sed quod'),
('28','1634263908','269527525204','Unde optio aut nostrum officiis minima aperiam. Id facilis maiores adipisci nam perspiciatis eos occ'),
('29','1662529646','269881907899','Voluptatibus dignissimos natus aut magnam provident qui. Molestiae voluptatibus neque a. A provident'),
('30','1666708376','282555462207','Recusandae deleniti consequatur similique aut. Voluptatem ad praesentium aut voluptatum possimus sin'),
('31','1699800008','282909545453','Ut laborum aut eos aut assumenda ad. Aut sit magni odit sed sed placeat modi. Vel ut reprehenderit i'),
('32','1733837940','291811727253','Possimus doloribus nulla est. Quis beatae nihil sed molestiae. Provident est et possimus officiis te'),
('33','1776276278','300294172089','Illo consequatur ipsum quia. Sed perferendis blanditiis ut a similique. Eius in ipsum ut minima corp'),
('34','1796544808','300657907839','Est asperiores qui dolor quibusdam. Facilis exercitationem ullam et quos. Iusto id culpa consequatur'),
('35','1873763196','300762076343','Praesentium et distinctio ullam cupiditate rem tempore. Voluptatem ut et corrupti ut praesentium. Es'),
('36','1962321700','318711786889','Ratione sed facere beatae dolores quibusdam non eaque. Neque neque officiis sapiente provident.'),
('37','2002702154','328665060619','Nostrum nam id qui at odio dolore. Nesciunt eum dicta consequuntur vel accusamus est minus recusanda'),
('38','2030016574','386831276723','Molestiae sed nemo officia cum quod odit. Magnam consequatur qui ratione quia dignissimos incidunt d'),
('39','2035006032','390716936353','Omnis officia sed ipsa officia quia voluptatibus. Sint velit voluptas nesciunt sint molestiae adipis'),
('40','2079640734','401413383222','Voluptatem rerum ullam voluptatem nostrum laborum incidunt. Et ex ipsam magnam laudantium nemo. Blan'),
('41','2106751470','409263381101','Nam cumque eligendi et maiores nostrum ipsa. Molestiae suscipit dicta et iste. Nobis eum doloribus c'),
('42','2116669104','412962612033','Ducimus rem ex ipsam vel. Molestias quis aut blanditiis. Occaecati ut et vel sit ullam.'),
('43','2147483647','422152525378','Nemo tempore rem quo ratione aut vel alias ut. Nesciunt culpa esse eum velit explicabo distinctio ea'),
('44','2147483647','424018420554','Necessitatibus cumque eos fugiat. Commodi harum dicta eos iste cupiditate explicabo aut. Ducimus in '),
('45','2147483647','440970885719','Itaque autem animi ipsa ad. Nam consequatur voluptas vitae sint ut iure. Nisi debitis quia dicta ut '),
('46','2147483647','441464648348','Dolor beatae sed beatae quam est eveniet ut quia. Ut dicta quis aliquam ad possimus autem. Adipisci '),
('47','2147483647','450279965897','Et est temporibus omnis suscipit nesciunt sit. Fugit a corrupti rem sed ad. Eos iste animi iste non '),
('48','2147483647','454323483605','Exercitationem velit porro repellat nam. Optio ut sapiente cumque corrupti quod ut. Cupiditate volup'),
('49','2147483647','484508957726','Voluptatum quo commodi inventore vitae vel tempore omnis. Aperiam officiis voluptatum impedit. Animi'),
('50','2147483647','486902475164','Omnis nostrum fugit cumque ut. Fuga cumque optio natus nulla.'),
('51','2147483647','501121745560','Explicabo voluptatem ullam quod ipsam architecto. Nam mollitia dolorum optio soluta dolorem. Ducimus'),
('52','2147483647','508845290707','Et molestiae sunt nostrum. Laborum est similique quia. Veritatis molestias deleniti unde occaecati i'),
('53','2147483647','527144899184','Optio totam ipsam ipsum aut maiores est fugiat. Ex quis molestias tenetur magnam quo officia minus d'),
('54','2147483647','551520065345','Aliquam placeat accusamus laudantium voluptatem tempore quaerat ullam. Voluptate asperiores quas ass'),
('55','2147483647','552934373282','Consectetur aperiam odit quae et. Ut velit nostrum perferendis qui non. Vel rerum deserunt molestiae'),
('56','2147483647','567478570625','Cupiditate cupiditate fuga est impedit. Itaque qui qui quos vitae earum. Illum tempore maxime dolori'),
('57','2147483647','572655903607','Ut quod iure ut qui enim tempora. Quia aspernatur dolores neque quia fugit explicabo quia. Vero enim'),
('58','2147483647','580172685767','Voluptas ea possimus omnis tempore dolorem aut necessitatibus nemo. Quis ducimus ipsa dicta a. Unde '),
('59','2147483647','590647087424','Voluptatibus quia fugit dolorum vel. Voluptatem asperiores et voluptatem qui.'),
('60','2147483647','598273915195','Quia et tempora vel consequatur. Itaque placeat consequatur dolores facere consectetur rem rerum. Ip'),
('61','2147483647','620775782061','Animi quam ipsum ipsum quia sint non aliquam voluptas. Quas dicta suscipit autem veniam assumenda ev'),
('62','2147483647','631675391082','Et ut ducimus velit consequatur quaerat quam veritatis sit. Commodi a accusamus sit et explicabo lab'),
('63','2147483647','632771640992','Fugiat aut atque assumenda non. Natus fugiat a neque est rerum autem.'),
('64','2147483647','640270909649','Quidem et illo soluta. Qui asperiores dolores voluptas eveniet. Unde unde quis aut ut vero autem. Si'),
('65','2147483647','648153520071','Quos laboriosam ea necessitatibus enim quidem. Eum autem id optio id. Laboriosam velit aut animi lab'),
('66','2147483647','652214057957','Hic saepe ut nostrum ab. Maxime voluptatibus enim nemo.'),
('67','2147483647','654035166109','Omnis consectetur distinctio consectetur eius. Quia qui laborum cupiditate voluptatem rerum deleniti'),
('68','2147483647','662094550134','Non ut molestiae laborum aperiam animi quia. Occaecati iusto dignissimos illo totam cumque reiciendi'),
('69','2147483647','677246759140','Id excepturi est qui porro. Quis quidem et animi placeat enim et iure. Sequi qui illum officia qui a'),
('70','2147483647','684627557193','Qui molestias saepe corporis animi rerum et. Mollitia quis sit ut aut ipsa aliquam aliquam. Nesciunt'),
('71','2147483647','694470379212','Officia iste laudantium aperiam modi. Doloribus aliquam consequatur ut rerum cumque eum ad nulla. Il'),
('72','2147483647','695693358869','Et adipisci nesciunt autem voluptatibus voluptate. Dolores est architecto fugit ut. Nemo nulla modi '),
('73','2147483647','705449630282','Laborum nihil dolorem est voluptate. Aliquam blanditiis ea consectetur aut consectetur esse dolor. R'),
('74','2147483647','715908628829','Ipsa iusto est et nisi quas. Officia corporis nisi ut ut molestias qui eum laboriosam.'),
('75','2147483647','724071063769','Quibusdam itaque velit et qui modi ab. Quisquam dolor qui harum quis consectetur iure quisquam. Cons'),
('76','2147483647','731474567021','Et illo cum deleniti dolorum sit voluptas labore. Ut et amet provident qui fugiat quisquam vel. Volu'),
('77','2147483647','743314275946','Totam autem dolores quibusdam aut adipisci id. Dolores impedit hic esse minima omnis. Quo illum haru'),
('78','2147483647','772368129264','Dolores consequatur accusantium quia rerum dolores modi accusamus ipsam. Modi repudiandae sit et qui'),
('79','2147483647','774096358432','Similique et quo pariatur ut harum est voluptate magnam. Voluptatibus veritatis facere et sapiente u'),
('80','2147483647','778903320598','Et provident enim inventore itaque. Tempore nam harum facere facere perferendis autem. Velit delectu'),
('81','2147483647','782670915755','Consequatur reprehenderit molestiae itaque error amet. Velit est impedit inventore aut. Aliquid nesc'),
('82','2147483647','783279055170','Ducimus sunt et aut rerum qui impedit necessitatibus. Quibusdam soluta corrupti omnis dolorum dolore'),
('83','2147483647','789768598325','Minus accusamus temporibus minima. Harum et soluta repellat et. Autem hic enim ratione.'),
('84','2147483647','792927555792','In doloribus quo saepe quia provident repudiandae illum. Neque laudantium facilis dignissimos aut do'),
('85','2147483647','807811914863','Quo et dolorem et quia dignissimos. Voluptas culpa dolorem accusamus ut voluptatem sed perspiciatis.'),
('86','2147483647','850824573204','Est est eum eos a laudantium. Fugit rem impedit dignissimos mollitia ea magni et. Voluptatem natus a'),
('87','2147483647','859231326124','Repudiandae nemo necessitatibus ad cumque. Pariatur dolorum aliquam et et occaecati. Corrupti magni '),
('88','2147483647','888560794185','Quo commodi est animi reiciendis. Aut atque aut nisi. Soluta quidem maxime eos at enim. Aut hic comm'),
('89','2147483647','898472998653','Harum et consequuntur facilis laboriosam voluptatibus provident. Occaecati placeat necessitatibus qu'),
('90','2147483647','903968564588','Officiis temporibus ex consectetur autem totam explicabo. Voluptatem labore placeat ipsa temporibus.'),
('91','2147483647','906597745725','Inventore neque laudantium omnis corporis quo qui dolorem. Laudantium rerum delectus et voluptatem. '),
('92','2147483647','915669250967','Laborum voluptate ut nobis et et ex quia. Maxime earum blanditiis consectetur nobis. Sed autem ex et'),
('93','2147483647','945290552811','Sint debitis odit fugiat autem. Quas expedita magni dolorum voluptate. Corrupti perferendis explicab'),
('94','2147483647','960130995721','Totam nemo unde aut incidunt quod reprehenderit quibusdam. Hic optio alias hic sint quia aut. Hic co'),
('95','2147483647','962435019401','Esse ex voluptatem id ut nisi dolore. Non illum optio quod. Aut eum porro laborum fugiat nisi maxime'),
('96','2147483647','964823529401','Ut velit sequi accusantium. Voluptatem facere modi repellat delectus quo quo facere sint. Non et cum'),
('97','2147483647','975779212544','Ut eos facere ad ut qui. Quae illo error aliquam quia et. Qui ipsam dicta est sint explicabo et. Quo'),
('98','2147483647','979818221180','Dolor ipsam voluptates occaecati suscipit non. Laborum magnam deserunt quas voluptatem. Eius rerum q'),
('99','2147483647','989408105618','A error qui maiores deserunt molestiae numquam. Accusamus quia veniam facere ducimus architecto aspe'),
('100','2147483647','994151279616','Ab libero nemo ab vero ducimus qui. Adipisci blanditiis voluptas sed voluptas hic. Quos ea esse dist'); 






INSERT INTO DoctorAppointments VALUES ('001831940407','000970023012','2018-10-20','11:20:03','0'),
('024495747369','012666212046','2018-10-25','19:41:12','0'),
('035401802401','019545989819','2018-11-01','11:52:22','1'),
('040625987046','063034763503','2018-10-24','13:18:15','0'),
('047698736375','065531852208','2018-11-07','04:42:05','1'),
('064619065237','091211760530','2018-10-28','17:52:18','1'),
('070449022298','129856840045','2018-10-19','22:17:34','0'),
('078562564725','139024238170','2018-10-31','06:45:32','0'),
('086066682872','142317848239','2018-10-14','02:32:10','1'),
('095231180131','163392269679','2018-10-16','02:00:00','1'),
('101106120026','177000602056','2018-10-20','15:41:13','1'),
('106405308058','180703833087','2018-11-01','11:38:58','1'),
('112592304075','201027198066','2018-10-22','00:29:00','1'),
('113194825953','214114681341','2018-10-31','21:27:15','1'),
('126505741189','218810702702','2018-10-12','01:50:08','1'),
('128470619118','229385298215','2018-10-29','17:32:24','1'),
('155362132722','237557387624','2018-10-16','06:18:38','0'),
('155615106751','240460789560','2018-11-01','21:48:53','1'),
('163817056900','258863965617','2018-10-31','23:54:11','0'),
('174561839813','260005350269','2018-11-09','12:12:47','0'),
('182170887578','264848416358','2018-10-28','20:25:41','0'),
('182695511649','279066017321','2018-11-04','22:02:36','0'),
('192864798254','279487174617','2018-10-17','01:22:17','0'),
('197831865479','298931492538','2018-10-26','11:13:04','0'),
('214462377286','306821830103','2018-10-22','23:47:17','0'),
('243416026582','307740443119','2018-10-24','12:52:38','1'),
('259657274861','308771728519','2018-10-24','04:59:53','0'),
('269527525204','315480292826','2018-10-14','16:17:53','1'),
('269881907899','325404917996','2018-11-08','02:24:31','0'),
('282555462207','339649785218','2018-11-04','07:31:13','1'),
('282909545453','347781433235','2018-10-29','22:56:07','1'),
('291811727253','349089958866','2018-11-07','10:06:23','0'),
('300294172089','357303125996','2018-10-13','01:24:04','0'),
('300657907839','360579277361','2018-10-11','17:30:50','1'),
('300762076343','361880766659','2018-10-29','07:48:48','0'),
('318711786889','363361759770','2018-11-08','14:20:03','1'),
('328665060619','371278324407','2018-10-20','23:02:11','0'),
('386831276723','371637958253','2018-10-19','00:02:22','0'),
('390716936353','388353953738','2018-11-08','08:21:51','0'),
('401413383222','395279871997','2018-11-03','16:56:33','0'),
('409263381101','412027701141','2018-11-02','08:17:45','0'),
('412962612033','447927974882','2018-10-16','09:17:36','0'),
('422152525378','451022500111','2018-11-08','22:29:04','0'),
('424018420554','457208273233','2018-10-28','12:20:10','1'),
('440970885719','484131115217','2018-10-16','13:25:13','1'),
('441464648348','498672487586','2018-10-25','03:23:28','0'),
('450279965897','499158111819','2018-10-25','06:37:54','0'),
('454323483605','499436264812','2018-10-21','19:01:24','0'),
('484508957726','499871564354','2018-11-01','23:57:48','1'),
('486902475164','500863751175','2018-10-20','14:22:14','0'),
('501121745560','506800378233','2018-10-16','23:17:15','1'),
('508845290707','508091419195','2018-11-10','11:05:20','0'),
('527144899184','523487390950','2018-11-02','01:18:50','1'),
('551520065345','529978178433','2018-10-31','14:44:34','0'),
('552934373282','549624979660','2018-10-18','00:13:09','0'),
('567478570625','559212555363','2018-10-22','20:41:13','0'),
('572655903607','574236579593','2018-10-11','11:09:02','0'),
('580172685767','578889031416','2018-11-08','19:42:48','1'),
('590647087424','599112859930','2018-10-31','04:38:07','0'),
('598273915195','619842173614','2018-10-28','18:48:20','1'),
('620775782061','624359682296','2018-10-12','07:57:03','0'),
('631675391082','638505331845','2018-10-25','08:12:41','1'),
('632771640992','640451321840','2018-11-03','00:23:19','0'),
('640270909649','651773617329','2018-11-06','00:46:48','0'),
('648153520071','668258660930','2018-10-13','11:55:01','1'),
('652214057957','677128713526','2018-10-11','06:17:35','1'),
('654035166109','677139619560','2018-11-07','04:28:30','0'),
('662094550134','720934027136','2018-11-06','13:12:36','0'),
('677246759140','721023599405','2018-10-21','02:19:48','0'),
('684627557193','724582148971','2018-10-28','00:01:13','1'),
('694470379212','736760465362','2018-10-12','07:47:14','0'),
('695693358869','736902253846','2018-10-31','21:10:21','0'),
('705449630282','741836394814','2018-10-29','22:03:16','0'),
('715908628829','743386040083','2018-10-30','07:28:33','0'),
('724071063769','745067336645','2018-10-20','02:57:23','1'),
('731474567021','752452733864','2018-10-27','02:55:49','0'),
('743314275946','769180093656','2018-10-18','02:26:04','1'),
('772368129264','774224471758','2018-10-21','11:25:44','0'),
('774096358432','784460045580','2018-11-04','09:18:19','1'),
('778903320598','788717833551','2018-11-04','03:30:17','1'),
('782670915755','802374294885','2018-10-31','01:51:26','1'),
('783279055170','809204732156','2018-10-11','15:33:43','1'),
('789768598325','816772189622','2018-10-15','01:14:24','1'),
('792927555792','818643318600','2018-10-30','05:44:48','1'),
('807811914863','826197602275','2018-11-10','01:07:48','1'),
('850824573204','844691664535','2018-11-07','03:33:54','1'),
('859231326124','845081174156','2018-10-23','18:44:53','0'),
('888560794185','849959212428','2018-10-27','02:47:26','0'),
('898472998653','894754020351','2018-10-19','19:02:09','1'),
('903968564588','904488949870','2018-11-01','12:45:15','0'),
('906597745725','914747685568','2018-10-13','17:34:38','0'),
('915669250967','918787602752','2018-10-23','19:16:56','0'),
('945290552811','932194460763','2018-11-01','02:05:25','0'),
('960130995721','936934731370','2018-10-22','13:32:09','1'),
('962435019401','969565363449','2018-11-03','09:16:25','0'),
('964823529401','972746910756','2018-10-29','20:54:42','0'),
('975779212544','982117054282','2018-10-26','16:30:11','0'),
('979818221180','983744863439','2018-10-26','13:33:50','1'),
('989408105618','990916421268','2018-11-02','16:09:10','1'),
('994151279616','994116080518','2018-10-22','23:43:46','1'); 






INSERT INTO MedicineReminder VALUES ('47642352','001831940407','2018-10-16','04:43:41'),
('53169536','024495747369','2018-10-31','22:13:37'),
('168041400','035401802401','2018-11-03','04:21:57'),
('226525584','040625987046','2018-10-29','17:02:15'),
('237193094','047698736375','2018-10-23','10:15:37'),
('273938118','064619065237','2018-11-02','11:07:25'),
('481103242','070449022298','2018-10-15','16:14:31'),
('482539944','078562564725','2018-11-09','13:46:26'),
('643257404','086066682872','2018-10-16','04:42:47'),
('688133426','095231180131','2018-10-12','05:18:40'),
('715675624','101106120026','2018-10-29','04:53:12'),
('790677210','106405308058','2018-10-26','11:26:21'),
('807670640','112592304075','2018-11-02','00:30:03'),
('829407666','113194825953','2018-10-14','08:36:33'),
('858784316','126505741189','2018-10-14','02:23:54'),
('968315362','128470619118','2018-11-04','01:23:06'),
('1035062042','155362132722','2018-10-28','00:04:06'),
('1139039638','155615106751','2018-10-16','03:56:57'),
('1412518376','163817056900','2018-10-31','06:53:21'),
('1479391730','174561839813','2018-10-16','20:12:47'),
('1499091378','182170887578','2018-10-12','01:56:43'),
('1504072992','182695511649','2018-10-24','12:07:51'),
('1512307146','192864798254','2018-10-14','15:18:27'),
('1552557822','197831865479','2018-10-24','08:07:13'),
('1585298228','214462377286','2018-10-28','20:00:52'),
('1626104316','243416026582','2018-10-13','18:39:24'),
('1634119496','259657274861','2018-11-05','15:04:34'),
('1634263908','269527525204','2018-10-30','19:28:14'),
('1662529646','269881907899','2018-10-23','00:14:42'),
('1666708376','282555462207','2018-10-27','14:50:07'),
('1699800008','282909545453','2018-11-05','08:24:22'),
('1733837940','291811727253','2018-10-20','20:50:37'),
('1776276278','300294172089','2018-11-06','01:58:11'),
('1796544808','300657907839','2018-10-16','23:31:31'),
('1873763196','300762076343','2018-10-19','01:35:51'),
('1962321700','318711786889','2018-10-27','19:54:57'),
('2002702154','328665060619','2018-10-11','14:54:06'),
('2030016574','386831276723','2018-10-23','19:57:13'),
('2035006032','390716936353','2018-11-01','12:53:42'),
('2079640734','401413383222','2018-11-06','13:33:53'),
('2106751470','409263381101','2018-10-21','20:51:26'),
('2116669104','412962612033','2018-10-24','21:42:45'),
('2147483647','422152525378','2018-10-16','17:58:48'),
('2147483647','424018420554','2018-11-02','03:42:23'),
('2147483647','440970885719','2018-10-28','16:56:43'),
('2147483647','441464648348','2018-10-15','01:26:34'),
('2147483647','450279965897','2018-10-24','21:45:33'),
('2147483647','454323483605','2018-10-22','10:52:01'),
('2147483647','484508957726','2018-10-24','17:18:17'),
('2147483647','486902475164','2018-10-27','11:20:42'),
('2147483647','501121745560','2018-11-07','02:03:36'),
('2147483647','508845290707','2018-11-09','04:46:59'),
('2147483647','527144899184','2018-10-24','09:28:57'),
('2147483647','551520065345','2018-10-20','22:38:39'),
('2147483647','552934373282','2018-10-27','12:21:44'),
('2147483647','567478570625','2018-11-01','04:28:44'),
('2147483647','572655903607','2018-10-22','19:19:24'),
('2147483647','580172685767','2018-11-06','19:15:00'),
('2147483647','590647087424','2018-11-04','10:59:43'),
('2147483647','598273915195','2018-11-04','02:39:22'),
('2147483647','620775782061','2018-10-23','03:43:33'),
('2147483647','631675391082','2018-11-04','01:35:16'),
('2147483647','632771640992','2018-10-31','12:59:04'),
('2147483647','640270909649','2018-10-23','18:06:11'),
('2147483647','648153520071','2018-10-21','22:07:16'),
('2147483647','652214057957','2018-10-17','17:55:25'),
('2147483647','654035166109','2018-10-18','04:40:58'),
('2147483647','662094550134','2018-10-30','11:22:57'),
('2147483647','677246759140','2018-11-05','03:27:40'),
('2147483647','684627557193','2018-10-23','22:28:31'),
('2147483647','694470379212','2018-10-19','06:46:03'),
('2147483647','695693358869','2018-11-06','01:24:46'),
('2147483647','705449630282','2018-11-02','04:23:23'),
('2147483647','715908628829','2018-11-02','18:23:12'),
('2147483647','724071063769','2018-10-15','02:01:19'),
('2147483647','731474567021','2018-10-12','18:30:05'),
('2147483647','743314275946','2018-10-23','02:40:15'),
('2147483647','772368129264','2018-11-04','03:31:26'),
('2147483647','774096358432','2018-10-12','13:17:06'),
('2147483647','778903320598','2018-10-29','10:42:53'),
('2147483647','782670915755','2018-10-16','23:40:38'),
('2147483647','783279055170','2018-10-20','14:25:44'),
('2147483647','789768598325','2018-11-06','05:14:11'),
('2147483647','792927555792','2018-11-01','03:02:52'),
('2147483647','807811914863','2018-10-20','10:36:25'),
('2147483647','850824573204','2018-10-30','23:15:19'),
('2147483647','859231326124','2018-11-01','17:12:16'),
('2147483647','888560794185','2018-10-11','20:48:39'),
('2147483647','898472998653','2018-10-29','23:19:48'),
('2147483647','903968564588','2018-11-02','22:28:44'),
('2147483647','906597745725','2018-11-08','11:41:09'),
('2147483647','915669250967','2018-10-24','19:43:02'),
('2147483647','945290552811','2018-10-16','02:18:09'),
('2147483647','960130995721','2018-10-26','01:52:17'),
('2147483647','962435019401','2018-10-16','19:04:54'),
('2147483647','964823529401','2018-10-14','12:22:46'),
('2147483647','975779212544','2018-11-04','08:24:15'),
('2147483647','979818221180','2018-10-26','22:32:52'),
('2147483647','989408105618','2018-10-16','16:04:45'),
('2147483647','994151279616','2018-10-15','22:53:18'); 






INSERT INTO LabVisitReminder VALUES ('001831940407','004583959839','1','2018-10-19','04:26:40'),
('024495747369','022728922753','2','2018-10-16','08:21:16'),
('035401802401','077956590116','3','2018-11-05','17:08:34'),
('040625987046','082888880540','4','2018-10-18','14:24:03'),
('047698736375','086235033308','5','2018-10-29','08:14:13'),
('064619065237','100507203084','6','2018-10-23','05:01:44'),
('070449022298','106475645058','7','2018-11-05','19:31:01'),
('078562564725','107301285193','8','2018-11-07','00:43:44'),
('086066682872','107861467829','9','2018-10-16','14:55:37'),
('095231180131','109031325312','10','2018-10-30','17:13:01'),
('101106120026','116622856543','11','2018-11-10','16:44:59'),
('106405308058','116881611269','12','2018-10-15','18:50:57'),
('112592304075','129484760853','13','2018-10-17','08:29:54'),
('113194825953','132958213966','14','2018-11-02','06:22:59'),
('126505741189','165900508809','15','2018-11-06','11:20:04'),
('128470619118','190658518379','16','2018-11-08','04:16:50'),
('155362132722','196068075342','17','2018-11-04','11:21:48'),
('155615106751','241628859442','18','2018-10-29','06:44:16'),
('163817056900','269584096440','19','2018-10-21','02:07:06'),
('174561839813','273937294310','20','2018-11-10','06:02:27'),
('182170887578','314879520824','21','2018-10-22','22:42:08'),
('182695511649','318299110094','22','2018-11-06','15:33:55'),
('192864798254','324968425394','23','2018-10-22','21:07:30'),
('197831865479','342281565046','24','2018-10-16','09:06:18'),
('214462377286','349230144721','25','2018-11-07','20:47:52'),
('243416026582','362638677552','26','2018-10-15','04:34:00'),
('259657274861','385384310067','27','2018-10-17','01:24:38'),
('269527525204','386823764093','28','2018-10-20','09:29:08'),
('269881907899','393212738979','29','2018-10-15','23:56:42'),
('282555462207','410955670153','30','2018-11-05','22:39:20'),
('282909545453','412053796735','31','2018-11-07','02:04:37'),
('291811727253','419839004234','32','2018-10-11','15:07:18'),
('300294172089','423541437411','33','2018-10-25','17:49:33'),
('300657907839','444105885856','34','2018-10-17','18:27:38'),
('300762076343','448021293389','35','2018-10-18','05:49:10'),
('318711786889','462737054460','36','2018-10-11','10:48:33'),
('328665060619','477216453287','37','2018-10-23','21:13:27'),
('386831276723','486773936267','38','2018-10-11','10:55:47'),
('390716936353','492103580326','39','2018-11-04','06:37:46'),
('401413383222','495090079158','40','2018-10-23','15:47:30'),
('409263381101','498885091571','41','2018-10-17','11:05:45'),
('412962612033','500641400132','42','2018-10-17','02:15:51'),
('422152525378','502633700726','43','2018-10-12','12:27:49'),
('424018420554','503568199141','44','2018-10-20','23:58:06'),
('440970885719','505200916534','45','2018-10-17','10:47:26'),
('441464648348','508142561830','46','2018-11-06','06:50:05'),
('450279965897','511269537811','47','2018-11-07','18:58:08'),
('454323483605','512863509560','48','2018-10-19','03:42:55'),
('484508957726','520331946638','49','2018-10-20','19:33:11'),
('486902475164','546225199152','50','2018-10-13','15:14:31'),
('501121745560','546386720375','51','2018-10-12','18:25:53'),
('508845290707','552949932412','52','2018-11-02','14:54:10'),
('527144899184','561302379188','53','2018-11-05','05:36:34'),
('551520065345','578643773981','54','2018-10-14','03:08:48'),
('552934373282','591554402945','55','2018-10-15','01:04:01'),
('567478570625','594773783438','56','2018-10-20','02:42:27'),
('572655903607','602211610946','57','2018-10-24','03:52:43'),
('580172685767','627648625254','58','2018-10-29','14:08:41'),
('590647087424','629610327640','59','2018-10-29','13:21:21'),
('598273915195','644805859452','60','2018-10-23','20:53:34'),
('620775782061','646299967788','61','2018-10-26','02:43:09'),
('631675391082','652217514458','62','2018-11-03','23:48:29'),
('632771640992','659827980327','63','2018-10-31','18:50:05'),
('640270909649','660824525706','64','2018-10-19','19:58:13'),
('648153520071','662227741653','65','2018-11-02','07:48:06'),
('652214057957','666778401615','66','2018-11-08','02:36:07'),
('654035166109','676012771488','67','2018-10-29','15:43:03'),
('662094550134','676704226194','68','2018-10-12','09:28:06'),
('677246759140','678079507541','69','2018-10-25','03:19:01'),
('684627557193','682734293759','70','2018-11-02','09:44:00'),
('694470379212','699189012866','71','2018-11-08','12:42:50'),
('695693358869','703646765869','72','2018-10-16','23:37:42'),
('705449630282','706446033917','73','2018-11-09','20:34:59'),
('715908628829','718110055634','74','2018-10-26','22:03:29'),
('724071063769','728483788338','75','2018-10-25','19:50:17'),
('731474567021','731140068375','76','2018-10-23','18:16:48'),
('743314275946','739055588662','77','2018-10-16','00:30:02'),
('772368129264','754438114215','78','2018-10-12','14:32:10'),
('774096358432','760898778350','79','2018-11-07','18:16:44'),
('778903320598','769295543304','80','2018-10-28','20:16:25'),
('782670915755','771671256391','81','2018-10-14','02:50:01'),
('783279055170','776775053573','82','2018-10-29','07:15:50'),
('789768598325','781835848389','83','2018-11-07','11:33:19'),
('792927555792','784012599621','84','2018-10-23','08:16:09'),
('807811914863','784569191461','85','2018-10-12','22:15:32'),
('850824573204','793633037050','86','2018-10-21','18:58:36'),
('859231326124','805482378671','87','2018-10-16','23:06:12'),
('888560794185','820396139175','88','2018-10-12','17:24:56'),
('898472998653','821820159561','89','2018-10-26','08:37:57'),
('903968564588','828135547031','90','2018-10-11','18:15:09'),
('906597745725','830886612332','91','2018-10-17','00:25:30'),
('915669250967','860558106483','92','2018-10-17','02:14:03'),
('945290552811','880777521372','93','2018-11-04','19:56:54'),
('960130995721','911244071110','94','2018-11-08','04:08:00'),
('962435019401','914043039380','95','2018-10-13','12:48:16'),
('964823529401','927797796553','96','2018-11-03','01:50:28'),
('975779212544','953574071504','97','2018-11-08','15:42:32'),
('979818221180','957230794152','98','2018-11-08','13:46:24'),
('989408105618','961899497262','99','2018-10-20','04:20:26'),
('994151279616','978843142301','100','2018-11-04','13:00:23'); 






INSERT INTO DoctorVisitReminder VALUES ('001831940407','000970023012','2018-10-16','10:21:46','Animi est ut omnis.'),
('024495747369','012666212046','2018-11-10','14:02:59','Harum voluptatem ab.'),
('035401802401','019545989819','2018-11-05','05:35:36','Eveniet nostrum debitis.'),
('040625987046','063034763503','2018-11-07','22:06:39','Architecto ab deserunt.'),
('047698736375','065531852208','2018-10-20','01:52:53','Aperiam blanditiis error qui.'),
('064619065237','091211760530','2018-11-04','16:18:36','Dolorum rerum porro.'),
('070449022298','129856840045','2018-10-11','02:04:37','Sint optio sint.'),
('078562564725','139024238170','2018-10-14','01:24:00','Facere ratione quas.'),
('086066682872','142317848239','2018-10-13','08:02:56','Ut quia sed.'),
('095231180131','163392269679','2018-10-18','18:04:56','Dolor ut ea natus.'),
('101106120026','177000602056','2018-10-20','10:57:15','Sit eveniet quo.'),
('106405308058','180703833087','2018-11-07','15:49:24','Est dolorum et recusandae voluptatem.'),
('112592304075','201027198066','2018-10-26','14:59:11','Qui laborum quisquam.'),
('113194825953','214114681341','2018-11-04','10:57:32','Et quia rerum ipsam.'),
('126505741189','218810702702','2018-10-28','07:25:19','Nobis ex voluptatem ducimus.'),
('128470619118','229385298215','2018-10-18','12:56:54','Quia ex repellendus eum et.'),
('155362132722','237557387624','2018-10-18','08:02:30','Aut non maiores nemo.'),
('155615106751','240460789560','2018-10-24','04:32:48','Sint dolorem blanditiis voluptatum.'),
('163817056900','258863965617','2018-10-17','10:15:25','Asperiores fuga quia.'),
('174561839813','260005350269','2018-11-06','05:13:06','Dolores quae ratione.'),
('182170887578','264848416358','2018-11-08','23:20:20','Voluptatem consequatur.'),
('182695511649','279066017321','2018-10-19','01:10:41','Non nihil vero.'),
('192864798254','279487174617','2018-10-30','05:26:52','Necessitatibus et a omnis.'),
('197831865479','298931492538','2018-10-10','21:36:50','Provident quibusdam in aut soluta.'),
('214462377286','306821830103','2018-10-16','07:08:56','Aspernatur vitae vitae.'),
('243416026582','307740443119','2018-10-10','23:19:12','Fuga quia pariatur error.'),
('259657274861','308771728519','2018-10-18','02:48:05','Non sit.'),
('269527525204','315480292826','2018-11-02','14:26:16','Est asperiores itaque.'),
('269881907899','325404917996','2018-11-06','17:58:02','Sapiente voluptatem.'),
('282555462207','339649785218','2018-11-02','17:52:42','Non voluptatum quia.'),
('282909545453','347781433235','2018-10-19','11:54:42','Ipsam asperiores minima.'),
('291811727253','349089958866','2018-10-31','17:31:15','Labore voluptas corporis.'),
('300294172089','357303125996','2018-10-18','22:22:39','Eos iure sed delectus placeat.'),
('300657907839','360579277361','2018-11-01','14:54:44','Sed expedita minima in.'),
('300762076343','361880766659','2018-10-29','15:02:08','Eum non dolorem.'),
('318711786889','363361759770','2018-11-04','07:10:32','Sit reiciendis.'),
('328665060619','371278324407','2018-10-22','11:03:34','Velit reprehenderit ipsum commodi dolore.'),
('386831276723','371637958253','2018-10-17','20:00:02','Facere sit non.'),
('390716936353','388353953738','2018-10-21','20:43:23','Soluta facilis sunt dicta.'),
('401413383222','395279871997','2018-10-29','16:23:58','Praesentium nemo recusandae repellat.'),
('409263381101','412027701141','2018-10-24','08:00:07','Ut repellendus rerum.'),
('412962612033','447927974882','2018-11-01','19:25:20','Aut voluptas laudantium cupiditate.'),
('422152525378','451022500111','2018-11-01','18:28:25','Inventore expedita et et.'),
('424018420554','457208273233','2018-10-17','04:34:07','Omnis vitae.'),
('440970885719','484131115217','2018-11-06','03:39:38','Eum numquam voluptates.'),
('441464648348','498672487586','2018-10-31','13:05:40','Quisquam quia a.'),
('450279965897','499158111819','2018-11-04','04:51:34','Voluptatum ut et dolorem.'),
('454323483605','499436264812','2018-10-14','09:55:37','Dolores temporibus et.'),
('484508957726','499871564354','2018-10-12','13:25:45','Omnis sit autem distinctio aut.'),
('486902475164','500863751175','2018-11-10','22:37:50','Voluptatem laboriosam asperiores.'),
('501121745560','506800378233','2018-11-08','12:59:28','Dolores non explicabo.'),
('508845290707','508091419195','2018-10-16','07:29:10','Fugit ipsa dicta quam.'),
('527144899184','523487390950','2018-10-16','07:06:45','Magnam aperiam voluptas omnis.'),
('551520065345','529978178433','2018-10-31','01:16:45','Quod odit unde neque corporis.'),
('552934373282','549624979660','2018-11-08','13:05:25','Recusandae facilis alias.'),
('567478570625','559212555363','2018-10-11','00:55:17','Pariatur a laborum.'),
('572655903607','574236579593','2018-10-31','14:07:48','Molestias in quia.'),
('580172685767','578889031416','2018-10-18','23:14:54','Autem non pariatur enim.'),
('590647087424','599112859930','2018-10-14','18:38:05','Aut et officia.'),
('598273915195','619842173614','2018-10-26','08:03:37','Doloribus eos iusto eius atque.'),
('620775782061','624359682296','2018-10-17','06:12:44','Aut ab facere.'),
('631675391082','638505331845','2018-10-12','00:25:28','Nostrum enim quis.'),
('632771640992','640451321840','2018-10-24','04:02:28','Ducimus alias veritatis.'),
('640270909649','651773617329','2018-10-14','07:15:01','Soluta omnis quia et.'),
('648153520071','668258660930','2018-11-04','08:00:09','Fuga fugiat aut.'),
('652214057957','677128713526','2018-10-11','19:01:58','Laborum alias accusamus velit qui.'),
('654035166109','677139619560','2018-11-04','09:06:16','Et est sit veritatis.'),
('662094550134','720934027136','2018-10-20','20:08:56','Minus saepe ut dicta.'),
('677246759140','721023599405','2018-10-26','13:22:52','Expedita sed voluptas sit.'),
('684627557193','724582148971','2018-10-27','23:42:37','Iusto rerum enim ipsum.'),
('694470379212','736760465362','2018-11-02','12:13:37','Labore aut et magni.'),
('695693358869','736902253846','2018-10-12','00:27:23','Nostrum sunt iusto.'),
('705449630282','741836394814','2018-10-13','08:57:48','Ut deleniti ut.'),
('715908628829','743386040083','2018-11-09','06:15:27','Ea sed soluta.'),
('724071063769','745067336645','2018-10-24','07:57:05','Iste blanditiis et.'),
('731474567021','752452733864','2018-10-26','18:17:40','In aliquam.'),
('743314275946','769180093656','2018-10-27','10:03:51','Sunt voluptates quia.'),
('772368129264','774224471758','2018-10-11','03:08:36','Et et.'),
('774096358432','784460045580','2018-11-04','08:37:08','Non vel et ut.'),
('778903320598','788717833551','2018-10-15','15:50:09','Quod aut mollitia.'),
('782670915755','802374294885','2018-10-22','21:37:25','Aliquam labore perspiciatis quod.'),
('783279055170','809204732156','2018-10-31','03:03:09','Facere qui nihil optio qui.'),
('789768598325','816772189622','2018-11-05','05:38:40','Et quia aut id ut.'),
('792927555792','818643318600','2018-10-26','19:52:32','Libero quos ea quaerat.'),
('807811914863','826197602275','2018-11-08','04:33:32','Tempore ea iste asperiores.'),
('850824573204','844691664535','2018-11-03','03:11:26','Velit numquam necessitatibus voluptatem.'),
('859231326124','845081174156','2018-11-09','00:49:02','Labore amet deleniti et.'),
('888560794185','849959212428','2018-11-03','20:49:55','Cumque natus numquam necessitatibus.'),
('898472998653','894754020351','2018-10-18','20:45:01','Eos rerum laudantium aut.'),
('903968564588','904488949870','2018-10-20','03:17:33','Sit at.'),
('906597745725','914747685568','2018-10-12','11:26:46','Doloremque dolorum.'),
('915669250967','918787602752','2018-10-15','00:02:21','Voluptates vitae velit et.'),
('945290552811','932194460763','2018-10-14','00:21:46','Eos tempore et magnam.'),
('960130995721','936934731370','2018-10-11','02:40:36','Sint maxime fugit sit.'),
('962435019401','969565363449','2018-10-11','16:08:04','Rerum delectus nisi repellendus.'),
('964823529401','972746910756','2018-11-04','15:30:58','Aliquid voluptas maxime maxime.'),
('975779212544','982117054282','2018-10-13','23:56:30','Animi eos eius corporis.'),
('979818221180','983744863439','2018-11-08','01:08:17','Quia quasi sed eius.'),
('989408105618','990916421268','2018-10-29','03:33:33','Accusamus ea exercitationem.'),
('994151279616','994116080518','2018-10-31','19:45:09','Totam harum dolores.'); 






